path,label,source,group_id,split
Rose_Black_Spot/resized_Black Spot_2108.jpg,Rose_Black_Spot,black_spot,1438,test
Rose_Black_Spot/resized_Black Spot_2130.jpg,Rose_Black_Spot,black_spot,1439,train
Rose_Black_Spot/resized_Black Spot_2141.jpg,Rose_Black_Spot,black_spot,1440,train
Rose_Black_Spot/resized_Black Spot_217.jpg,Rose_Black_Spot,black_spot,1441,train
Rose_Black_Spot/resized_Black Spot_2200.jpg,Rose_Black_Spot,black_spot,1442,test
Rose_Black_Spot/resized_Black Spot_2201.jpg,Rose_Black_Spot,black_spot,1443,train
Rose_Black_Spot/resized_Black Spot_2209.jpg,Rose_Black_Spot,black_spot,1440,train
Rose_Black_Spot/resized_Black Spot_2212.jpg,Rose_Black_Spot,black_spot,1444,train
Rose_Black_Spot/resized_Black Spot_2245.jpg,Rose_Black_Spot,black_spot,726,train
Rose_Black_Spot/resized_Black Spot_2251.jpg,Rose_Black_Spot,black_spot,1445,train
Rose_Black_Spot/resized_Black Spot_2266.jpg,Rose_Black_Spot,black_spot,1446,test
Rose_Black_Spot/resized_Black Spot_2291.jpg,Rose_Black_Spot,black_spot,1447,test
Rose_Black_Spot/resized_Black Spot_2296.jpg,Rose_Black_Spot,black_spot,1448,train
Rose_Black_Spot/resized_Black Spot_2346.jpg,Rose_Black_Spot,black_spot,1449,test
Rose_Black_Spot/resized_Black Spot_2362.jpg,Rose_Black_Spot,black_spot,1450,val
Rose_Black_Spot/resized_Black Spot_2365.jpg,Rose_Black_Spot,black_spot,1451,train
Rose_Black_Spot/resized_Black Spot_2366.jpg,Rose_Black_Spot,black_spot,1452,val
Rose_Black_Spot/resized_Black Spot_2396.jpg,Rose_Black_Spot,black_spot,1453,test
Rose_Black_Spot/resized_Black Spot_2399.jpg,Rose_Black_Spot,black_spot,1454,test
Rose_Black_Spot/resized_Black Spot_2413.jpg,Rose_Black_Spot,black_spot,1455,train
Rose_Black_Spot/resized_Black Spot_2415.jpg,Rose_Black_Spot,black_spot,1456,train
Rose_Black_Spot/resized_Black Spot_2435.jpg,Rose_Black_Spot,black_spot,1457,train
Rose_Black_Spot/resized_Black Spot_2440.jpg,Rose_Black_Spot,black_spot,1458,train
Rose_Black_Spot/resized_Black Spot_2454.jpg,Rose_Black_Spot,black_spot,1459,train
Rose_Black_Spot/resized_Black Spot_2460.jpg,Rose_Black_Spot,black_spot,1460,test
Rose_Black_Spot/resized_Black Spot_2486.jpg,Rose_Black_Spot,black_spot,724,train
Rose_Black_Spot/resized_Black Spot_2495.jpg,Rose_Black_Spot,black_spot,165,train
Rose_Black_Spot/resized_Black Spot_2501.jpg,Rose_Black_Spot,black_spot,1461,test
Rose_Black_Spot/resized_Black Spot_2505.jpg,Rose_Black_Spot,black_spot,1462,train
Rose_Black_Spot/resized_Black Spot_2508.jpg,Rose_Black_Spot,black_spot,1463,train
Rose_Black_Spot/resized_Black Spot_26.jpg,Rose_Black_Spot,black_spot,1464,train
Rose_Black_Spot/resized_Black Spot_264.jpg,Rose_Black_Spot,black_spot,1465,train
Rose_Black_Spot/resized_Black Spot_2642.jpg,Rose_Black_Spot,black_spot,1466,val
Rose_Black_Spot/resized_Black Spot_2643.jpg,Rose_Black_Spot,black_spot,1467,train
Rose_Black_Spot/resized_Black Spot_2646.jpg,Rose_Black_Spot,black_spot,1468,train
Rose_Black_Spot/resized_Black Spot_2648.jpg,Rose_Black_Spot,black_spot,1469,val
Rose_Black_Spot/resized_Black Spot_2649.jpg,Rose_Black_Spot,black_spot,1470,val
Rose_Black_Spot/resized_Black Spot_265.jpg,Rose_Black_Spot,black_spot,1471,train
Rose_Black_Spot/resized_Black Spot_2655.jpg,Rose_Black_Spot,black_spot,1472,train
Rose_Black_Spot/resized_Black Spot_266.jpg,Rose_Black_Spot,black_spot,1473,test
Rose_Black_Spot/resized_Black Spot_2665.jpg,Rose_Black_Spot,black_spot,1474,train
Rose_Black_Spot/resized_Black Spot_2666.jpg,Rose_Black_Spot,black_spot,1475,train
Rose_Black_Spot/resized_Black Spot_2669.jpg,Rose_Black_Spot,black_spot,1476,train
Rose_Black_Spot/resized_Black Spot_267.jpg,Rose_Black_Spot,black_spot,1477,train
Rose_Black_Spot/resized_Black Spot_2670.jpg,Rose_Black_Spot,black_spot,1478,train
Rose_Black_Spot/resized_Black Spot_2679.jpg,Rose_Black_Spot,black_spot,1479,train
Rose_Black_Spot/resized_Black Spot_268.jpg,Rose_Black_Spot,black_spot,1480,val
Rose_Black_Spot/resized_Black Spot_2682.jpg,Rose_Black_Spot,black_spot,1481,val
Rose_Black_Spot/resized_Black Spot_2684.jpg,Rose_Black_Spot,black_spot,1482,train
Rose_Black_Spot/resized_Black Spot_2687.jpg,Rose_Black_Spot,black_spot,1483,train
Rose_Black_Spot/resized_Black Spot_269.jpg,Rose_Black_Spot,black_spot,1484,train
Rose_Black_Spot/resized_Black Spot_2691.jpg,Rose_Black_Spot,black_spot,1485,test
Rose_Black_Spot/resized_Black Spot_2696.jpg,Rose_Black_Spot,black_spot,1486,test
Rose_Black_Spot/resized_Black Spot_2697.jpg,Rose_Black_Spot,black_spot,1487,train
Rose_Black_Spot/resized_Black Spot_2698.jpg,Rose_Black_Spot,black_spot,1488,test
Rose_Black_Spot/resized_Black Spot_2699.jpg,Rose_Black_Spot,black_spot,1489,train
Rose_Black_Spot/resized_Black Spot_2703.jpg,Rose_Black_Spot,black_spot,1490,train
Rose_Black_Spot/resized_Black Spot_2704.jpg,Rose_Black_Spot,black_spot,1491,train
Rose_Black_Spot/resized_Black Spot_2707.jpg,Rose_Black_Spot,black_spot,1492,train
Rose_Black_Spot/resized_Black Spot_2709.jpg,Rose_Black_Spot,black_spot,1493,val
Rose_Black_Spot/resized_Black Spot_2711.jpg,Rose_Black_Spot,black_spot,1494,train
Rose_Black_Spot/resized_Black Spot_2715.jpg,Rose_Black_Spot,black_spot,1495,train
Rose_Black_Spot/resized_Black Spot_2717.jpg,Rose_Black_Spot,black_spot,1468,train
Rose_Black_Spot/resized_Black Spot_2718.jpg,Rose_Black_Spot,black_spot,1496,train
Rose_Black_Spot/resized_Black Spot_2719.jpg,Rose_Black_Spot,black_spot,1497,val
Rose_Black_Spot/resized_Black Spot_2721.jpg,Rose_Black_Spot,black_spot,1498,val
Rose_Black_Spot/resized_Black Spot_2723.jpg,Rose_Black_Spot,black_spot,1499,train
Rose_Black_Spot/resized_Black Spot_2724.jpg,Rose_Black_Spot,black_spot,1500,test
Rose_Black_Spot/resized_Black Spot_2733.jpg,Rose_Black_Spot,black_spot,1501,train
Rose_Black_Spot/resized_Black Spot_2737.jpg,Rose_Black_Spot,black_spot,1502,test
Rose_Black_Spot/resized_Black Spot_2738.jpg,Rose_Black_Spot,black_spot,1503,train
Rose_Black_Spot/resized_Black Spot_2740.jpg,Rose_Black_Spot,black_spot,1504,train
Rose_Black_Spot/resized_Black Spot_2742.jpg,Rose_Black_Spot,black_spot,1505,train
Rose_Black_Spot/resized_Black Spot_2745.jpg,Rose_Black_Spot,black_spot,1506,train
Rose_Black_Spot/resized_Black Spot_2747.jpg,Rose_Black_Spot,black_spot,1507,train
Rose_Black_Spot/resized_Black Spot_2748.jpg,Rose_Black_Spot,black_spot,1508,train
Rose_Black_Spot/resized_Black Spot_2749.jpg,Rose_Black_Spot,black_spot,1509,train
Rose_Black_Spot/resized_Black Spot_2750.jpg,Rose_Black_Spot,black_spot,1510,train
Rose_Black_Spot/resized_Black Spot_2751.jpg,Rose_Black_Spot,black_spot,1499,train
Rose_Black_Spot/resized_Black Spot_2758.jpg,Rose_Black_Spot,black_spot,1511,train
Rose_Black_Spot/resized_Black Spot_2759.jpg,Rose_Black_Spot,black_spot,1512,train
Rose_Black_Spot/resized_Black Spot_2762.jpg,Rose_Black_Spot,black_spot,1467,train
Rose_Black_Spot/resized_Black Spot_2766.jpg,Rose_Black_Spot,black_spot,1513,train
Rose_Black_Spot/resized_Black Spot_2769.jpg,Rose_Black_Spot,black_spot,1514,train
Rose_Black_Spot/resized_Black Spot_277.jpg,Rose_Black_Spot,black_spot,1515,train
Rose_Black_Spot/resized_Black Spot_2773.jpg,Rose_Black_Spot,black_spot,1516,test
Rose_Black_Spot/resized_Black Spot_2777.jpg,Rose_Black_Spot,black_spot,1517,val
Rose_Black_Spot/resized_Black Spot_2780.jpg,Rose_Black_Spot,black_spot,1518,val
Rose_Black_Spot/resized_Black Spot_2781.jpg,Rose_Black_Spot,black_spot,1519,train
Rose_Black_Spot/resized_Black Spot_2784.jpg,Rose_Black_Spot,black_spot,1520,test
Rose_Black_Spot/resized_Black Spot_2787.jpg,Rose_Black_Spot,black_spot,1521,train
Rose_Black_Spot/resized_Black Spot_279.jpg,Rose_Black_Spot,black_spot,1522,train
Rose_Black_Spot/resized_Black Spot_2791.jpg,Rose_Black_Spot,black_spot,1523,train
Rose_Black_Spot/resized_Black Spot_2795.jpg,Rose_Black_Spot,black_spot,1524,test
Rose_Black_Spot/resized_Black Spot_2796.jpg,Rose_Black_Spot,black_spot,1525,train
Rose_Black_Spot/resized_Black Spot_2797.jpg,Rose_Black_Spot,black_spot,1526,train
Rose_Black_Spot/resized_Black Spot_2798.jpg,Rose_Black_Spot,black_spot,1527,train
Rose_Black_Spot/resized_Black Spot_28.jpg,Rose_Black_Spot,black_spot,1528,test
Rose_Black_Spot/resized_Black Spot_280.jpg,Rose_Black_Spot,black_spot,1529,train
Rose_Black_Spot/resized_Black Spot_2801.jpg,Rose_Black_Spot,black_spot,1530,train
Rose_Black_Spot/resized_Black Spot_2806.jpg,Rose_Black_Spot,black_spot,1492,train
Rose_Black_Spot/resized_Black Spot_2807.jpg,Rose_Black_Spot,black_spot,1508,train
Rose_Black_Spot/resized_Black Spot_281.jpg,Rose_Black_Spot,black_spot,1531,train
Rose_Black_Spot/resized_Black Spot_2812.jpg,Rose_Black_Spot,black_spot,1532,train
Rose_Black_Spot/resized_Black Spot_2814.jpg,Rose_Black_Spot,black_spot,1533,train
Rose_Black_Spot/resized_Black Spot_2817.jpg,Rose_Black_Spot,black_spot,1534,train
Rose_Black_Spot/resized_Black Spot_2818.jpg,Rose_Black_Spot,black_spot,1487,train
Rose_Black_Spot/resized_Black Spot_2819.jpg,Rose_Black_Spot,black_spot,1513,train
Rose_Black_Spot/resized_Black Spot_282.jpg,Rose_Black_Spot,black_spot,1535,test
Rose_Black_Spot/resized_Black Spot_2820.jpg,Rose_Black_Spot,black_spot,1536,train
Rose_Black_Spot/resized_Black Spot_2821.jpg,Rose_Black_Spot,black_spot,1537,train
Rose_Black_Spot/resized_Black Spot_2825.jpg,Rose_Black_Spot,black_spot,1538,test
Rose_Black_Spot/resized_Black Spot_2829.jpg,Rose_Black_Spot,black_spot,1539,test
Rose_Black_Spot/resized_Black Spot_283.jpg,Rose_Black_Spot,black_spot,1540,train
Rose_Black_Spot/resized_Black Spot_2831.jpg,Rose_Black_Spot,black_spot,1541,train
Rose_Black_Spot/resized_Black Spot_2838.jpg,Rose_Black_Spot,black_spot,1542,train
Rose_Black_Spot/resized_Black Spot_2840.jpg,Rose_Black_Spot,black_spot,1543,train
Rose_Black_Spot/resized_Black Spot_2847.jpg,Rose_Black_Spot,black_spot,1544,test
Rose_Black_Spot/resized_Black Spot_2849.jpg,Rose_Black_Spot,black_spot,1513,train
Rose_Black_Spot/resized_Black Spot_2855.jpg,Rose_Black_Spot,black_spot,1545,train
Rose_Black_Spot/resized_Black Spot_2857.jpg,Rose_Black_Spot,black_spot,1546,train
Rose_Black_Spot/resized_Black Spot_2858.jpg,Rose_Black_Spot,black_spot,1547,train
Rose_Black_Spot/resized_Black Spot_2859.jpg,Rose_Black_Spot,black_spot,1548,test
Rose_Black_Spot/resized_Black Spot_286.jpg,Rose_Black_Spot,black_spot,1549,test
Rose_Black_Spot/resized_Black Spot_2861.jpg,Rose_Black_Spot,black_spot,1550,train
Rose_Black_Spot/resized_Black Spot_2862.jpg,Rose_Black_Spot,black_spot,1551,test
Rose_Black_Spot/resized_Black Spot_2865.jpg,Rose_Black_Spot,black_spot,1552,test
Rose_Black_Spot/resized_Black Spot_2868.jpg,Rose_Black_Spot,black_spot,1553,train
Rose_Black_Spot/resized_Black Spot_2871.jpg,Rose_Black_Spot,black_spot,1554,test
Rose_Black_Spot/resized_Black Spot_288.jpg,Rose_Black_Spot,black_spot,1555,train
Rose_Black_Spot/resized_Black Spot_2880.jpg,Rose_Black_Spot,black_spot,1542,train
Rose_Black_Spot/resized_Black Spot_2881.jpg,Rose_Black_Spot,black_spot,1556,val
Rose_Black_Spot/resized_Black Spot_2883.jpg,Rose_Black_Spot,black_spot,1557,train
Rose_Black_Spot/resized_Black Spot_2885.jpg,Rose_Black_Spot,black_spot,1558,val
Rose_Black_Spot/resized_Black Spot_2889.jpg,Rose_Black_Spot,black_spot,1559,train
Rose_Black_Spot/resized_Black Spot_289.jpg,Rose_Black_Spot,black_spot,1560,train
Rose_Black_Spot/resized_Black Spot_2893.jpg,Rose_Black_Spot,black_spot,1561,val
Rose_Black_Spot/resized_Black Spot_2894.jpg,Rose_Black_Spot,black_spot,1562,train
Rose_Black_Spot/resized_Black Spot_2895.jpg,Rose_Black_Spot,black_spot,1563,train
Rose_Black_Spot/resized_Black Spot_2897.jpg,Rose_Black_Spot,black_spot,1564,train
Rose_Black_Spot/resized_Black Spot_2898.jpg,Rose_Black_Spot,black_spot,1565,val
Rose_Black_Spot/resized_Black Spot_2899.jpg,Rose_Black_Spot,black_spot,1566,train
Rose_Black_Spot/resized_Black Spot_29.jpg,Rose_Black_Spot,black_spot,1567,train
Rose_Black_Spot/resized_Black Spot_290.jpg,Rose_Black_Spot,black_spot,1568,test
Rose_Black_Spot/resized_Black Spot_2900.jpg,Rose_Black_Spot,black_spot,1569,train
Rose_Black_Spot/resized_Black Spot_2901.jpg,Rose_Black_Spot,black_spot,1562,train
Rose_Black_Spot/resized_Black Spot_2902.jpg,Rose_Black_Spot,black_spot,1550,train
Rose_Black_Spot/resized_Black Spot_2903.jpg,Rose_Black_Spot,black_spot,1570,train
Rose_Black_Spot/resized_Black Spot_2904.jpg,Rose_Black_Spot,black_spot,1571,train
Rose_Black_Spot/resized_Black Spot_2905.jpg,Rose_Black_Spot,black_spot,1492,train
Rose_Black_Spot/resized_Black Spot_2906.jpg,Rose_Black_Spot,black_spot,1572,val
Rose_Black_Spot/resized_Black Spot_2907.jpg,Rose_Black_Spot,black_spot,1564,train
Rose_Black_Spot/resized_Black Spot_2908.jpg,Rose_Black_Spot,black_spot,1573,train
Rose_Black_Spot/resized_Black Spot_2909.jpg,Rose_Black_Spot,black_spot,1574,train
Rose_Black_Spot/resized_Black Spot_291.jpg,Rose_Black_Spot,black_spot,1575,val
Rose_Black_Spot/resized_Black Spot_2910.jpg,Rose_Black_Spot,black_spot,1576,train
Rose_Black_Spot/resized_Black Spot_2911.jpg,Rose_Black_Spot,black_spot,1519,train
Rose_Black_Spot/resized_Black Spot_2912.jpg,Rose_Black_Spot,black_spot,1492,train
Rose_Black_Spot/resized_Black Spot_2913.jpg,Rose_Black_Spot,black_spot,1577,train
Rose_Black_Spot/resized_Black Spot_2914.jpg,Rose_Black_Spot,black_spot,1578,train
Rose_Black_Spot/resized_Black Spot_2916.jpg,Rose_Black_Spot,black_spot,1579,test
Rose_Black_Spot/resized_Black Spot_2917.jpg,Rose_Black_Spot,black_spot,1580,train
Rose_Black_Spot/resized_Black Spot_2918.jpg,Rose_Black_Spot,black_spot,1581,train
Rose_Black_Spot/resized_Black Spot_2919.jpg,Rose_Black_Spot,black_spot,1582,train
Rose_Black_Spot/resized_Black Spot_2920.jpg,Rose_Black_Spot,black_spot,1583,train
Rose_Black_Spot/resized_Black Spot_2921.jpg,Rose_Black_Spot,black_spot,1584,test
Rose_Black_Spot/resized_Black Spot_2922.jpg,Rose_Black_Spot,black_spot,1585,val
Rose_Black_Spot/resized_Black Spot_2923.jpg,Rose_Black_Spot,black_spot,1495,train
Rose_Black_Spot/resized_Black Spot_2924.jpg,Rose_Black_Spot,black_spot,1586,train
Rose_Black_Spot/resized_Black Spot_2925.jpg,Rose_Black_Spot,black_spot,1587,val
Rose_Black_Spot/resized_Black Spot_2926.jpg,Rose_Black_Spot,black_spot,1588,train
Rose_Black_Spot/resized_Black Spot_2927.jpg,Rose_Black_Spot,black_spot,1589,test
Rose_Black_Spot/resized_Black Spot_2928.jpg,Rose_Black_Spot,black_spot,1590,train
Rose_Black_Spot/resized_Black Spot_2929.jpg,Rose_Black_Spot,black_spot,1591,train
Rose_Black_Spot/resized_Black Spot_293.jpg,Rose_Black_Spot,black_spot,1592,train
Rose_Black_Spot/resized_Black Spot_2930.jpg,Rose_Black_Spot,black_spot,1593,train
Rose_Black_Spot/resized_Black Spot_2931.jpg,Rose_Black_Spot,black_spot,1594,test
Rose_Black_Spot/resized_Black Spot_2932.jpg,Rose_Black_Spot,black_spot,1595,train
Rose_Black_Spot/resized_Black Spot_2933.jpg,Rose_Black_Spot,black_spot,1596,val
Rose_Black_Spot/resized_Black Spot_2934.jpg,Rose_Black_Spot,black_spot,1597,train
Rose_Black_Spot/resized_Black Spot_2935.jpg,Rose_Black_Spot,black_spot,1598,train
Rose_Black_Spot/resized_Black Spot_2936.jpg,Rose_Black_Spot,black_spot,1599,train
Rose_Black_Spot/resized_Black Spot_2937.jpg,Rose_Black_Spot,black_spot,1600,train
Rose_Black_Spot/resized_Black Spot_2938.jpg,Rose_Black_Spot,black_spot,1601,train
Rose_Black_Spot/resized_Black Spot_294.jpg,Rose_Black_Spot,black_spot,1602,val
Rose_Black_Spot/resized_Black Spot_2940.jpg,Rose_Black_Spot,black_spot,1603,val
Rose_Black_Spot/resized_Black Spot_2941.jpg,Rose_Black_Spot,black_spot,1604,train
Rose_Black_Spot/resized_Black Spot_2943.jpg,Rose_Black_Spot,black_spot,1605,train
Rose_Black_Spot/resized_Black Spot_2944.jpg,Rose_Black_Spot,black_spot,1606,train
Rose_Black_Spot/resized_Black Spot_2945.jpg,Rose_Black_Spot,black_spot,1607,train
Rose_Black_Spot/resized_Black Spot_2946.jpg,Rose_Black_Spot,black_spot,1495,train
Rose_Black_Spot/resized_Black Spot_2947.jpg,Rose_Black_Spot,black_spot,1608,test
Rose_Black_Spot/resized_Black Spot_2948.jpg,Rose_Black_Spot,black_spot,1609,train
Rose_Black_Spot/resized_Black Spot_2949.jpg,Rose_Black_Spot,black_spot,1610,train
Rose_Black_Spot/resized_Black Spot_295.jpg,Rose_Black_Spot,black_spot,1611,val
Rose_Black_Spot/resized_Black Spot_2950.jpg,Rose_Black_Spot,black_spot,1547,train
Rose_Black_Spot/resized_Black Spot_2952.jpg,Rose_Black_Spot,black_spot,1612,train
Rose_Black_Spot/resized_Black Spot_2953.jpg,Rose_Black_Spot,black_spot,1513,train
Rose_Black_Spot/resized_Black Spot_2954.jpg,Rose_Black_Spot,black_spot,1613,train
Rose_Black_Spot/resized_Black Spot_2955.jpg,Rose_Black_Spot,black_spot,1499,train
Rose_Black_Spot/resized_Black Spot_2956.jpg,Rose_Black_Spot,black_spot,1614,train
Rose_Black_Spot/resized_Black Spot_2957.jpg,Rose_Black_Spot,black_spot,1615,train
Rose_Black_Spot/resized_Black Spot_2958.jpg,Rose_Black_Spot,black_spot,1574,train
Rose_Black_Spot/resized_Black Spot_2959.jpg,Rose_Black_Spot,black_spot,1616,train
Rose_Black_Spot/resized_Black Spot_296.jpg,Rose_Black_Spot,black_spot,1617,train
Rose_Black_Spot/resized_Black Spot_2960.jpg,Rose_Black_Spot,black_spot,1618,train
Rose_Black_Spot/resized_Black Spot_2961.jpg,Rose_Black_Spot,black_spot,1619,train
Rose_Black_Spot/resized_Black Spot_2962.jpg,Rose_Black_Spot,black_spot,1620,val
Rose_Black_Spot/resized_Black Spot_2963.jpg,Rose_Black_Spot,black_spot,1542,train
Rose_Black_Spot/resized_Black Spot_2964.jpg,Rose_Black_Spot,black_spot,1621,train
Rose_Black_Spot/resized_Black Spot_2965.jpg,Rose_Black_Spot,black_spot,1622,val
Rose_Black_Spot/resized_Black Spot_2966.jpg,Rose_Black_Spot,black_spot,1474,train
Rose_Black_Spot/resized_Black Spot_2967.jpg,Rose_Black_Spot,black_spot,1623,train
Rose_Black_Spot/resized_Black Spot_2968.jpg,Rose_Black_Spot,black_spot,1624,train
Rose_Black_Spot/resized_Black Spot_2969.jpg,Rose_Black_Spot,black_spot,1625,train
Rose_Black_Spot/resized_Black Spot_297.jpg,Rose_Black_Spot,black_spot,1626,val
Rose_Black_Spot/resized_Black Spot_2970.jpg,Rose_Black_Spot,black_spot,1627,train
Rose_Black_Spot/resized_Black Spot_2971.jpg,Rose_Black_Spot,black_spot,1628,val
Rose_Black_Spot/resized_Black Spot_2973.jpg,Rose_Black_Spot,black_spot,1629,train
Rose_Black_Spot/resized_Black Spot_2974.jpg,Rose_Black_Spot,black_spot,1559,train
Rose_Black_Spot/resized_Black Spot_2975.jpg,Rose_Black_Spot,black_spot,1507,train
Rose_Black_Spot/resized_Black Spot_2976.jpg,Rose_Black_Spot,black_spot,1630,val
Rose_Black_Spot/resized_Black Spot_2977.jpg,Rose_Black_Spot,black_spot,1631,train
Rose_Black_Spot/resized_Black Spot_2978.jpg,Rose_Black_Spot,black_spot,1632,test
Rose_Black_Spot/resized_Black Spot_2979.jpg,Rose_Black_Spot,black_spot,1633,train
Rose_Black_Spot/resized_Black Spot_298.jpg,Rose_Black_Spot,black_spot,1634,train
Rose_Black_Spot/resized_Black Spot_2980.jpg,Rose_Black_Spot,black_spot,1635,train
Rose_Black_Spot/resized_Black Spot_2981.jpg,Rose_Black_Spot,black_spot,1521,train
Rose_Black_Spot/resized_Black Spot_2982.jpg,Rose_Black_Spot,black_spot,1636,train
Rose_Black_Spot/resized_Black Spot_2983.jpg,Rose_Black_Spot,black_spot,1637,train
Rose_Black_Spot/resized_Black Spot_2985.jpg,Rose_Black_Spot,black_spot,1638,train
Rose_Black_Spot/resized_Black Spot_2986.jpg,Rose_Black_Spot,black_spot,1639,train
Rose_Black_Spot/resized_Black Spot_2987.jpg,Rose_Black_Spot,black_spot,1640,train
Rose_Black_Spot/resized_Black Spot_2988.jpg,Rose_Black_Spot,black_spot,1641,test
Rose_Black_Spot/resized_Black Spot_2989.jpg,Rose_Black_Spot,black_spot,1642,test
Rose_Black_Spot/resized_Black Spot_299.jpg,Rose_Black_Spot,black_spot,1643,val
Rose_Black_Spot/resized_Black Spot_2990.jpg,Rose_Black_Spot,black_spot,1644,train
Rose_Black_Spot/resized_Black Spot_2991.jpg,Rose_Black_Spot,black_spot,1521,train
Rose_Black_Spot/resized_Black Spot_2993.jpg,Rose_Black_Spot,black_spot,1645,train
Rose_Black_Spot/resized_Black Spot_2994.jpg,Rose_Black_Spot,black_spot,1646,train
Rose_Black_Spot/resized_Black Spot_2995.jpg,Rose_Black_Spot,black_spot,1647,train
Rose_Black_Spot/resized_Black Spot_2996.jpg,Rose_Black_Spot,black_spot,1527,train
Rose_Black_Spot/resized_Black Spot_2998.jpg,Rose_Black_Spot,black_spot,1648,train
Rose_Black_Spot/resized_Black Spot_2999.jpg,Rose_Black_Spot,black_spot,1649,train
Rose_Black_Spot/resized_Black Spot_3.jpg,Rose_Black_Spot,black_spot,1650,train
Rose_Black_Spot/resized_Black Spot_30.jpg,Rose_Black_Spot,black_spot,1464,train
Rose_Black_Spot/resized_Black Spot_3000.jpg,Rose_Black_Spot,black_spot,1514,train
Rose_Black_Spot/resized_Black Spot_3001.jpg,Rose_Black_Spot,black_spot,1591,train
Rose_Black_Spot/resized_Black Spot_3002.jpg,Rose_Black_Spot,black_spot,1651,train
Rose_Black_Spot/resized_Black Spot_3003.jpg,Rose_Black_Spot,black_spot,1652,train
Rose_Black_Spot/resized_Black Spot_3004.jpg,Rose_Black_Spot,black_spot,1653,train
Rose_Black_Spot/resized_Black Spot_3005.jpg,Rose_Black_Spot,black_spot,1654,train
Rose_Black_Spot/resized_Black Spot_3006.jpg,Rose_Black_Spot,black_spot,1655,train
Rose_Black_Spot/resized_Black Spot_3007.jpg,Rose_Black_Spot,black_spot,1656,val
Rose_Black_Spot/resized_Black Spot_301.jpg,Rose_Black_Spot,black_spot,1657,test
Rose_Black_Spot/resized_Black Spot_302.jpg,Rose_Black_Spot,black_spot,1658,train
Rose_Black_Spot/resized_Black Spot_303.jpg,Rose_Black_Spot,black_spot,1659,test
Rose_Black_Spot/resized_Black Spot_304.jpg,Rose_Black_Spot,black_spot,1660,train
Rose_Black_Spot/resized_Black Spot_305.jpg,Rose_Black_Spot,black_spot,1661,val
Rose_Black_Spot/resized_Black Spot_306.jpg,Rose_Black_Spot,black_spot,1662,train
Rose_Black_Spot/resized_Black Spot_307.jpg,Rose_Black_Spot,black_spot,1663,train
Rose_Black_Spot/resized_Black Spot_308.jpg,Rose_Black_Spot,black_spot,1664,train
Rose_Black_Spot/resized_Black Spot_309.jpg,Rose_Black_Spot,black_spot,1665,train
Rose_Black_Spot/resized_Black Spot_31.jpg,Rose_Black_Spot,black_spot,1666,val
Rose_Black_Spot/resized_Black Spot_310.jpg,Rose_Black_Spot,black_spot,1662,train
Rose_Black_Spot/resized_Black Spot_311.jpg,Rose_Black_Spot,black_spot,1665,train
Rose_Black_Spot/resized_Black Spot_312.jpg,Rose_Black_Spot,black_spot,1667,train
Rose_Black_Spot/resized_Black Spot_313.jpg,Rose_Black_Spot,black_spot,1668,test
Rose_Black_Spot/resized_Black Spot_314.jpg,Rose_Black_Spot,black_spot,1665,train
Rose_Black_Spot/resized_Black Spot_315.jpg,Rose_Black_Spot,black_spot,1665,train
Rose_Black_Spot/resized_Black Spot_316.jpg,Rose_Black_Spot,black_spot,1665,train
Rose_Black_Spot/resized_Black Spot_317.jpg,Rose_Black_Spot,black_spot,1669,test
Rose_Black_Spot/resized_Black Spot_318.jpg,Rose_Black_Spot,black_spot,1665,train
Rose_Black_Spot/resized_Black Spot_319.jpg,Rose_Black_Spot,black_spot,1665,train
Rose_Black_Spot/resized_Black Spot_32.jpg,Rose_Black_Spot,black_spot,1670,train
Rose_Black_Spot/resized_Black Spot_320.jpg,Rose_Black_Spot,black_spot,1671,val
Rose_Black_Spot/resized_Black Spot_322.jpg,Rose_Black_Spot,black_spot,1672,val
Rose_Black_Spot/resized_Black Spot_323.jpg,Rose_Black_Spot,black_spot,1673,train
Rose_Black_Spot/resized_Black Spot_325.jpg,Rose_Black_Spot,black_spot,1674,train
Rose_Black_Spot/resized_Black Spot_326.jpg,Rose_Black_Spot,black_spot,1675,train
Rose_Black_Spot/resized_Black Spot_327.jpg,Rose_Black_Spot,black_spot,1676,train
Rose_Black_Spot/resized_Black Spot_328.jpg,Rose_Black_Spot,black_spot,1677,train
Rose_Black_Spot/resized_Black Spot_329.jpg,Rose_Black_Spot,black_spot,1678,train
Rose_Black_Spot/resized_Black Spot_33.jpg,Rose_Black_Spot,black_spot,1679,train
Rose_Black_Spot/resized_Black Spot_330.jpg,Rose_Black_Spot,black_spot,1680,val
Rose_Black_Spot/resized_Black Spot_331.jpg,Rose_Black_Spot,black_spot,1681,train
Rose_Black_Spot/resized_Black Spot_332.jpg,Rose_Black_Spot,black_spot,1682,train
Rose_Black_Spot/resized_Black Spot_333.jpg,Rose_Black_Spot,black_spot,1683,train
Rose_Black_Spot/resized_Black Spot_334.jpg,Rose_Black_Spot,black_spot,1684,train
Rose_Black_Spot/resized_Black Spot_335.jpg,Rose_Black_Spot,black_spot,1685,train
Rose_Black_Spot/resized_Black Spot_336.jpg,Rose_Black_Spot,black_spot,1686,train
Rose_Black_Spot/resized_Black Spot_338.jpg,Rose_Black_Spot,black_spot,1687,train
Rose_Black_Spot/resized_Black Spot_339.jpg,Rose_Black_Spot,black_spot,1688,train
Rose_Black_Spot/resized_Black Spot_34.jpg,Rose_Black_Spot,black_spot,1689,val
Rose_Black_Spot/resized_Black Spot_341.jpg,Rose_Black_Spot,black_spot,1690,train
Rose_Black_Spot/resized_Black Spot_342.jpg,Rose_Black_Spot,black_spot,1691,train
Rose_Black_Spot/resized_Black Spot_343.jpg,Rose_Black_Spot,black_spot,1692,val
Rose_Black_Spot/resized_Black Spot_344.jpg,Rose_Black_Spot,black_spot,1693,train
Rose_Black_Spot/resized_Black Spot_345.jpg,Rose_Black_Spot,black_spot,1694,train
Rose_Black_Spot/resized_Black Spot_346.jpg,Rose_Black_Spot,black_spot,1695,train
Rose_Black_Spot/resized_Black Spot_347.jpg,Rose_Black_Spot,black_spot,1696,val
Rose_Black_Spot/resized_Black Spot_348.jpg,Rose_Black_Spot,black_spot,1697,test
Rose_Black_Spot/resized_Black Spot_349.jpg,Rose_Black_Spot,black_spot,1690,train
Rose_Black_Spot/resized_Black Spot_350.jpg,Rose_Black_Spot,black_spot,1698,train
Rose_Black_Spot/resized_Black Spot_351.jpg,Rose_Black_Spot,black_spot,1699,train
Rose_Black_Spot/resized_Black Spot_352.jpg,Rose_Black_Spot,black_spot,1700,train
Rose_Black_Spot/resized_Black Spot_354.jpg,Rose_Black_Spot,black_spot,1701,train
Rose_Black_Spot/resized_Black Spot_355.jpg,Rose_Black_Spot,black_spot,1702,val
Rose_Black_Spot/resized_Black Spot_356.jpg,Rose_Black_Spot,black_spot,1703,train
Rose_Black_Spot/resized_Black Spot_357.jpg,Rose_Black_Spot,black_spot,1224,train
Rose_Black_Spot/resized_Black Spot_358.jpg,Rose_Black_Spot,black_spot,1704,train
Rose_Black_Spot/resized_Black Spot_359.jpg,Rose_Black_Spot,black_spot,1705,train
Rose_Black_Spot/resized_Black Spot_36.jpg,Rose_Black_Spot,black_spot,1706,train
Rose_Black_Spot/resized_Black Spot_360.jpg,Rose_Black_Spot,black_spot,1707,test
Rose_Black_Spot/resized_Black Spot_361.jpg,Rose_Black_Spot,black_spot,1708,test
Rose_Black_Spot/resized_Black Spot_362.jpg,Rose_Black_Spot,black_spot,1709,val
Rose_Black_Spot/resized_Black Spot_363.jpg,Rose_Black_Spot,black_spot,1710,val
Rose_Black_Spot/resized_Black Spot_364.jpg,Rose_Black_Spot,black_spot,1711,train
Rose_Black_Spot/resized_Black Spot_365.jpg,Rose_Black_Spot,black_spot,1712,val
Rose_Black_Spot/resized_Black Spot_366.jpg,Rose_Black_Spot,black_spot,1713,train
Rose_Black_Spot/resized_Black Spot_367.jpg,Rose_Black_Spot,black_spot,1714,train
Rose_Black_Spot/resized_Black Spot_368.jpg,Rose_Black_Spot,black_spot,1715,train
Rose_Black_Spot/resized_Black Spot_369.jpg,Rose_Black_Spot,black_spot,1716,test
Rose_Black_Spot/resized_Black Spot_37.jpg,Rose_Black_Spot,black_spot,1717,train
Rose_Black_Spot/resized_Black Spot_370.jpg,Rose_Black_Spot,black_spot,1718,train
Rose_Black_Spot/resized_Black Spot_371.jpg,Rose_Black_Spot,black_spot,1719,test
Rose_Black_Spot/resized_Black Spot_372.jpg,Rose_Black_Spot,black_spot,1720,train
Rose_Black_Spot/resized_Black Spot_373.jpg,Rose_Black_Spot,black_spot,1721,train
Rose_Black_Spot/resized_Black Spot_374.jpg,Rose_Black_Spot,black_spot,1722,val
Rose_Black_Spot/resized_Black Spot_375.jpg,Rose_Black_Spot,black_spot,1714,train
Rose_Black_Spot/resized_Black Spot_376.jpg,Rose_Black_Spot,black_spot,1723,train
Rose_Black_Spot/resized_Black Spot_377.jpg,Rose_Black_Spot,black_spot,1724,train
Rose_Black_Spot/resized_Black Spot_378.jpg,Rose_Black_Spot,black_spot,1725,train
Rose_Black_Spot/resized_Black Spot_379.jpg,Rose_Black_Spot,black_spot,1726,val
Rose_Black_Spot/resized_Black Spot_38.jpg,Rose_Black_Spot,black_spot,1727,test
Rose_Black_Spot/resized_Black Spot_380.jpg,Rose_Black_Spot,black_spot,1728,train
Rose_Black_Spot/resized_Black Spot_381.jpg,Rose_Black_Spot,black_spot,1729,train
Rose_Black_Spot/resized_Black Spot_382.jpg,Rose_Black_Spot,black_spot,1730,train
Rose_Black_Spot/resized_Black Spot_383.jpg,Rose_Black_Spot,black_spot,1731,train
Rose_Black_Spot/resized_Black Spot_384.jpg,Rose_Black_Spot,black_spot,1732,train
Rose_Black_Spot/resized_Black Spot_385.jpg,Rose_Black_Spot,black_spot,1733,val
Rose_Black_Spot/resized_Black Spot_386.jpg,Rose_Black_Spot,black_spot,1734,train
Rose_Black_Spot/resized_Black Spot_387.jpg,Rose_Black_Spot,black_spot,1735,train
Rose_Black_Spot/resized_Black Spot_388.jpg,Rose_Black_Spot,black_spot,1736,test
Rose_Black_Spot/resized_Black Spot_389.jpg,Rose_Black_Spot,black_spot,1737,train
Rose_Black_Spot/resized_Black Spot_39.jpg,Rose_Black_Spot,black_spot,1738,train
Rose_Black_Spot/resized_Black Spot_390.jpg,Rose_Black_Spot,black_spot,1739,train
Rose_Black_Spot/resized_Black Spot_391.jpg,Rose_Black_Spot,black_spot,1740,train
Rose_Black_Spot/resized_Black Spot_392.jpg,Rose_Black_Spot,black_spot,1741,val
Rose_Black_Spot/resized_Black Spot_393.jpg,Rose_Black_Spot,black_spot,1742,test
Rose_Black_Spot/resized_Black Spot_394.jpg,Rose_Black_Spot,black_spot,1743,train
Rose_Black_Spot/resized_Black Spot_395.jpg,Rose_Black_Spot,black_spot,1744,train
Rose_Black_Spot/resized_Black Spot_396.jpg,Rose_Black_Spot,black_spot,1745,test
Rose_Black_Spot/resized_Black Spot_397.jpg,Rose_Black_Spot,black_spot,1746,test
Rose_Black_Spot/resized_Black Spot_398.jpg,Rose_Black_Spot,black_spot,1747,train
Rose_Black_Spot/resized_Black Spot_399.jpg,Rose_Black_Spot,black_spot,1748,val
Rose_Black_Spot/resized_Black Spot_4.jpg,Rose_Black_Spot,black_spot,1749,train
Rose_Black_Spot/resized_Black Spot_40.jpg,Rose_Black_Spot,black_spot,1750,val
Rose_Black_Spot/resized_Black Spot_400.jpg,Rose_Black_Spot,black_spot,1751,train
Rose_Black_Spot/resized_Black Spot_401.jpg,Rose_Black_Spot,black_spot,1752,train
Rose_Black_Spot/resized_Black Spot_402.jpg,Rose_Black_Spot,black_spot,1753,test
Rose_Black_Spot/resized_Black Spot_403.jpg,Rose_Black_Spot,black_spot,1754,train
Rose_Black_Spot/resized_Black Spot_404.jpg,Rose_Black_Spot,black_spot,1755,train
Rose_Black_Spot/resized_Black Spot_405.jpg,Rose_Black_Spot,black_spot,1756,train
Rose_Black_Spot/resized_Black Spot_406.jpg,Rose_Black_Spot,black_spot,1757,train
Rose_Black_Spot/resized_Black Spot_407.jpg,Rose_Black_Spot,black_spot,1758,train
Rose_Black_Spot/resized_Black Spot_408.jpg,Rose_Black_Spot,black_spot,1759,train
Rose_Black_Spot/resized_Black Spot_409.jpg,Rose_Black_Spot,black_spot,1760,train
Rose_Black_Spot/resized_Black Spot_41.jpg,Rose_Black_Spot,black_spot,1761,train
Rose_Black_Spot/resized_Black Spot_410.jpg,Rose_Black_Spot,black_spot,1762,val
Rose_Black_Spot/resized_Black Spot_411.jpg,Rose_Black_Spot,black_spot,1763,val
Rose_Black_Spot/resized_Black Spot_412.jpg,Rose_Black_Spot,black_spot,1764,val
Rose_Black_Spot/resized_Black Spot_413.jpg,Rose_Black_Spot,black_spot,1765,val
Rose_Black_Spot/resized_Black Spot_414.jpg,Rose_Black_Spot,black_spot,1766,test
Rose_Black_Spot/resized_Black Spot_415.jpg,Rose_Black_Spot,black_spot,1767,test
Rose_Black_Spot/resized_Black Spot_416.jpg,Rose_Black_Spot,black_spot,1768,train
Rose_Black_Spot/resized_Black Spot_417.jpg,Rose_Black_Spot,black_spot,1769,train
Rose_Black_Spot/resized_Black Spot_418.jpg,Rose_Black_Spot,black_spot,1770,val
Rose_Black_Spot/resized_Black Spot_42.jpg,Rose_Black_Spot,black_spot,1771,train
Rose_Black_Spot/resized_Black Spot_420.jpg,Rose_Black_Spot,black_spot,1772,test
Rose_Black_Spot/resized_Black Spot_421.jpg,Rose_Black_Spot,black_spot,1773,train
Rose_Black_Spot/resized_Black Spot_422.jpg,Rose_Black_Spot,black_spot,1774,train
Rose_Black_Spot/resized_Black Spot_423.jpg,Rose_Black_Spot,black_spot,1775,val
Rose_Black_Spot/resized_Black Spot_424.jpg,Rose_Black_Spot,black_spot,1776,train
Rose_Black_Spot/resized_Black Spot_425.jpg,Rose_Black_Spot,black_spot,1777,train
Rose_Black_Spot/resized_Black Spot_426.jpg,Rose_Black_Spot,black_spot,1778,test
Rose_Black_Spot/resized_Black Spot_429.jpg,Rose_Black_Spot,black_spot,1779,train
Rose_Black_Spot/resized_Black Spot_43.jpg,Rose_Black_Spot,black_spot,1780,val
Rose_Black_Spot/resized_Black Spot_430.jpg,Rose_Black_Spot,black_spot,1781,val
Rose_Black_Spot/resized_Black Spot_434.jpg,Rose_Black_Spot,black_spot,1782,train
Rose_Black_Spot/resized_Black Spot_435.jpg,Rose_Black_Spot,black_spot,1783,test
Rose_Black_Spot/resized_Black Spot_436.jpg,Rose_Black_Spot,black_spot,1784,train
Rose_Black_Spot/resized_Black Spot_437.jpg,Rose_Black_Spot,black_spot,1785,train
Rose_Black_Spot/resized_Black Spot_438.jpg,Rose_Black_Spot,black_spot,1786,val
Rose_Black_Spot/resized_Black Spot_439.jpg,Rose_Black_Spot,black_spot,1787,test
Rose_Black_Spot/resized_Black Spot_44.jpg,Rose_Black_Spot,black_spot,1788,train
Rose_Black_Spot/resized_Black Spot_440.jpg,Rose_Black_Spot,black_spot,1789,test
Rose_Black_Spot/resized_Black Spot_441.jpg,Rose_Black_Spot,black_spot,1790,train
Rose_Black_Spot/resized_Black Spot_442.jpg,Rose_Black_Spot,black_spot,1267,train
Rose_Black_Spot/resized_Black Spot_443.jpg,Rose_Black_Spot,black_spot,1791,train
Rose_Black_Spot/resized_Black Spot_444.jpg,Rose_Black_Spot,black_spot,1792,train
Rose_Black_Spot/resized_Black Spot_445.jpg,Rose_Black_Spot,black_spot,1793,train
Rose_Black_Spot/resized_Black Spot_447.jpg,Rose_Black_Spot,black_spot,1794,train
Rose_Black_Spot/resized_Black Spot_448.jpg,Rose_Black_Spot,black_spot,1795,train
Rose_Black_Spot/resized_Black Spot_449.jpg,Rose_Black_Spot,black_spot,1796,test
Rose_Black_Spot/resized_Black Spot_45.jpg,Rose_Black_Spot,black_spot,1797,val
Rose_Black_Spot/resized_Black Spot_450.jpg,Rose_Black_Spot,black_spot,1798,train
Rose_Black_Spot/resized_Black Spot_451.jpg,Rose_Black_Spot,black_spot,1799,train
Rose_Black_Spot/resized_Black Spot_452.jpg,Rose_Black_Spot,black_spot,1800,val
Rose_Black_Spot/resized_Black Spot_453.jpg,Rose_Black_Spot,black_spot,1801,train
Rose_Black_Spot/resized_Black Spot_454.jpg,Rose_Black_Spot,black_spot,1802,val
Rose_Black_Spot/resized_Black Spot_455.jpg,Rose_Black_Spot,black_spot,1803,val
Rose_Black_Spot/resized_Black Spot_456.jpg,Rose_Black_Spot,black_spot,1804,train
Rose_Black_Spot/resized_Black Spot_457.jpg,Rose_Black_Spot,black_spot,1805,train
Rose_Black_Spot/resized_Black Spot_458.jpg,Rose_Black_Spot,black_spot,1806,train
Rose_Black_Spot/resized_Black Spot_459.jpg,Rose_Black_Spot,black_spot,1807,train
Rose_Black_Spot/resized_Black Spot_46.jpg,Rose_Black_Spot,black_spot,1808,train
Rose_Black_Spot/resized_Black Spot_460.jpg,Rose_Black_Spot,black_spot,1809,val
Rose_Black_Spot/resized_Black Spot_461.jpg,Rose_Black_Spot,black_spot,1810,test
Rose_Black_Spot/resized_Black Spot_462.jpg,Rose_Black_Spot,black_spot,1811,train
Rose_Black_Spot/resized_Black Spot_463.jpg,Rose_Black_Spot,black_spot,1812,train
Rose_Black_Spot/resized_Black Spot_464.jpg,Rose_Black_Spot,black_spot,1813,train
Rose_Black_Spot/resized_Black Spot_465.jpg,Rose_Black_Spot,black_spot,1814,val
Rose_Black_Spot/resized_Black Spot_466.jpg,Rose_Black_Spot,black_spot,1815,test
Rose_Black_Spot/resized_Black Spot_467.jpg,Rose_Black_Spot,black_spot,1816,val
Rose_Black_Spot/resized_Black Spot_468.jpg,Rose_Black_Spot,black_spot,1817,train
Rose_Black_Spot/resized_Black Spot_469.jpg,Rose_Black_Spot,black_spot,1818,train
Rose_Black_Spot/resized_Black Spot_47.jpg,Rose_Black_Spot,black_spot,1819,train
Rose_Black_Spot/resized_Black Spot_470.jpg,Rose_Black_Spot,black_spot,1820,val
Rose_Black_Spot/resized_Black Spot_471.jpg,Rose_Black_Spot,black_spot,1821,test
Rose_Black_Spot/resized_Black Spot_472.jpg,Rose_Black_Spot,black_spot,1822,train
Rose_Black_Spot/resized_Black Spot_474.jpg,Rose_Black_Spot,black_spot,1823,train
Rose_Black_Spot/resized_Black Spot_475.jpg,Rose_Black_Spot,black_spot,1824,train
Rose_Black_Spot/resized_Black Spot_477.jpg,Rose_Black_Spot,black_spot,1825,train
Rose_Black_Spot/resized_Black Spot_478.jpg,Rose_Black_Spot,black_spot,1826,train
Rose_Black_Spot/resized_Black Spot_48.jpg,Rose_Black_Spot,black_spot,1827,val
Rose_Black_Spot/resized_Black Spot_480.jpg,Rose_Black_Spot,black_spot,1826,train
Rose_Black_Spot/resized_Black Spot_481.jpg,Rose_Black_Spot,black_spot,1828,train
Rose_Black_Spot/resized_Black Spot_482.jpg,Rose_Black_Spot,black_spot,1829,val
Rose_Black_Spot/resized_Black Spot_483.jpg,Rose_Black_Spot,black_spot,1830,train
Rose_Black_Spot/resized_Black Spot_484.jpg,Rose_Black_Spot,black_spot,1831,train
Rose_Black_Spot/resized_Black Spot_486.jpg,Rose_Black_Spot,black_spot,1832,test
Rose_Black_Spot/resized_Black Spot_487.jpg,Rose_Black_Spot,black_spot,1833,train
Rose_Black_Spot/resized_Black Spot_488.jpg,Rose_Black_Spot,black_spot,1834,test
Rose_Black_Spot/resized_Black Spot_489.jpg,Rose_Black_Spot,black_spot,1835,train
Rose_Black_Spot/resized_Black Spot_49.jpg,Rose_Black_Spot,black_spot,1788,train
Rose_Black_Spot/resized_Black Spot_490.jpg,Rose_Black_Spot,black_spot,1739,train
Rose_Black_Spot/resized_Black Spot_491.jpg,Rose_Black_Spot,black_spot,1836,train
Rose_Black_Spot/resized_Black Spot_493.jpg,Rose_Black_Spot,black_spot,1837,test
Rose_Black_Spot/resized_Black Spot_494.jpg,Rose_Black_Spot,black_spot,1838,train
Rose_Black_Spot/resized_Black Spot_495.jpg,Rose_Black_Spot,black_spot,1839,train
Rose_Black_Spot/resized_Black Spot_496.jpg,Rose_Black_Spot,black_spot,1840,train
Rose_Black_Spot/resized_Black Spot_497.jpg,Rose_Black_Spot,black_spot,1841,train
Rose_Black_Spot/resized_Black Spot_498.jpg,Rose_Black_Spot,black_spot,1842,train
Rose_Black_Spot/resized_Black Spot_499.jpg,Rose_Black_Spot,black_spot,1843,test
Rose_Black_Spot/resized_Black Spot_5.jpg,Rose_Black_Spot,black_spot,1749,train
Rose_Black_Spot/resized_Black Spot_50.jpg,Rose_Black_Spot,black_spot,1844,train
Rose_Black_Spot/resized_Black Spot_500.jpg,Rose_Black_Spot,black_spot,1845,train
Rose_Black_Spot/resized_Black Spot_501.jpg,Rose_Black_Spot,black_spot,1846,train
Rose_Black_Spot/resized_Black Spot_502.jpg,Rose_Black_Spot,black_spot,1847,val
Rose_Black_Spot/resized_Black Spot_503.jpg,Rose_Black_Spot,black_spot,1848,train
Rose_Black_Spot/resized_Black Spot_504.jpg,Rose_Black_Spot,black_spot,1849,test
Rose_Black_Spot/resized_Black Spot_505.jpg,Rose_Black_Spot,black_spot,1850,train
Rose_Black_Spot/resized_Black Spot_506.jpg,Rose_Black_Spot,black_spot,1851,val
Rose_Black_Spot/resized_Black Spot_507.jpg,Rose_Black_Spot,black_spot,1852,train
Rose_Black_Spot/resized_Black Spot_508.jpg,Rose_Black_Spot,black_spot,1853,train
Rose_Black_Spot/resized_Black Spot_509.jpg,Rose_Black_Spot,black_spot,1854,train
Rose_Black_Spot/resized_Black Spot_51.jpg,Rose_Black_Spot,black_spot,1855,val
Rose_Black_Spot/resized_Black Spot_510.jpg,Rose_Black_Spot,black_spot,1856,train
Rose_Black_Spot/resized_Black Spot_511.jpg,Rose_Black_Spot,black_spot,1857,train
Rose_Black_Spot/resized_Black Spot_514.jpg,Rose_Black_Spot,black_spot,1858,train
Rose_Black_Spot/resized_Black Spot_515.jpg,Rose_Black_Spot,black_spot,1850,train
Rose_Black_Spot/resized_Black Spot_516.jpg,Rose_Black_Spot,black_spot,1859,train
Rose_Black_Spot/resized_Black Spot_517.jpg,Rose_Black_Spot,black_spot,1860,test
Rose_Black_Spot/resized_Black Spot_519.jpg,Rose_Black_Spot,black_spot,1861,test
Rose_Black_Spot/resized_Black Spot_52.jpg,Rose_Black_Spot,black_spot,1862,train
Rose_Black_Spot/resized_Black Spot_520.jpg,Rose_Black_Spot,black_spot,1863,train
Rose_Black_Spot/resized_Black Spot_521.jpg,Rose_Black_Spot,black_spot,1864,train
Rose_Black_Spot/resized_Black Spot_522.jpg,Rose_Black_Spot,black_spot,1865,val
Rose_Black_Spot/resized_Black Spot_523.jpg,Rose_Black_Spot,black_spot,1866,train
Rose_Black_Spot/resized_Black Spot_524.jpg,Rose_Black_Spot,black_spot,1867,train
Rose_Black_Spot/resized_Black Spot_525.jpg,Rose_Black_Spot,black_spot,1868,train
Rose_Black_Spot/resized_Black Spot_526.jpg,Rose_Black_Spot,black_spot,1869,train
Rose_Black_Spot/resized_Black Spot_527.jpg,Rose_Black_Spot,black_spot,1870,train
Rose_Black_Spot/resized_Black Spot_528.jpg,Rose_Black_Spot,black_spot,1871,train
Rose_Black_Spot/resized_Black Spot_529.jpg,Rose_Black_Spot,black_spot,1872,train
Rose_Black_Spot/resized_Black Spot_53.jpg,Rose_Black_Spot,black_spot,1873,test
Rose_Black_Spot/resized_Black Spot_530.jpg,Rose_Black_Spot,black_spot,1874,train
Rose_Black_Spot/resized_Black Spot_531.jpg,Rose_Black_Spot,black_spot,1875,test
Rose_Black_Spot/resized_Black Spot_532.jpg,Rose_Black_Spot,black_spot,1876,val
Rose_Black_Spot/resized_Black Spot_533.jpg,Rose_Black_Spot,black_spot,1877,test
Rose_Black_Spot/resized_Black Spot_534.jpg,Rose_Black_Spot,black_spot,1878,train
Rose_Black_Spot/resized_Black Spot_535.jpg,Rose_Black_Spot,black_spot,1739,train
Rose_Black_Spot/resized_Black Spot_536.jpg,Rose_Black_Spot,black_spot,1879,test
Rose_Black_Spot/resized_Black Spot_537.jpg,Rose_Black_Spot,black_spot,1880,train
Rose_Black_Spot/resized_Black Spot_538.jpg,Rose_Black_Spot,black_spot,1881,train
Rose_Black_Spot/resized_Black Spot_539.jpg,Rose_Black_Spot,black_spot,1882,train
Rose_Black_Spot/resized_Black Spot_54.jpg,Rose_Black_Spot,black_spot,1844,train
Rose_Black_Spot/resized_Black Spot_541.jpg,Rose_Black_Spot,black_spot,1883,train
Rose_Black_Spot/resized_Black Spot_543.jpg,Rose_Black_Spot,black_spot,1884,train
Rose_Black_Spot/resized_Black Spot_544.jpg,Rose_Black_Spot,black_spot,1885,train
Rose_Black_Spot/resized_Black Spot_545.jpg,Rose_Black_Spot,black_spot,1886,train
Rose_Black_Spot/resized_Black Spot_546.jpg,Rose_Black_Spot,black_spot,1887,test
Rose_Black_Spot/resized_Black Spot_547.jpg,Rose_Black_Spot,black_spot,1888,train
Rose_Black_Spot/resized_Black Spot_548.jpg,Rose_Black_Spot,black_spot,1889,train
Rose_Black_Spot/resized_Black Spot_549.jpg,Rose_Black_Spot,black_spot,1890,train
Rose_Black_Spot/resized_Black Spot_55.jpg,Rose_Black_Spot,black_spot,1891,test
Rose_Black_Spot/resized_Black Spot_550.jpg,Rose_Black_Spot,black_spot,1892,train
Rose_Black_Spot/resized_Black Spot_551.jpg,Rose_Black_Spot,black_spot,1893,train
Rose_Black_Spot/resized_Black Spot_552.jpg,Rose_Black_Spot,black_spot,1343,train
Rose_Black_Spot/resized_Black Spot_554.jpg,Rose_Black_Spot,black_spot,1894,train
Rose_Black_Spot/resized_Black Spot_555.jpg,Rose_Black_Spot,black_spot,1895,train
Rose_Black_Spot/resized_Black Spot_556.jpg,Rose_Black_Spot,black_spot,1343,train
Rose_Black_Spot/resized_Black Spot_557.jpg,Rose_Black_Spot,black_spot,1896,train
Rose_Black_Spot/resized_Black Spot_558.jpg,Rose_Black_Spot,black_spot,1897,val
Rose_Black_Spot/resized_Black Spot_559.jpg,Rose_Black_Spot,black_spot,1898,val
Rose_Black_Spot/resized_Black Spot_56.jpg,Rose_Black_Spot,black_spot,1899,val
Rose_Black_Spot/resized_Black Spot_560.jpg,Rose_Black_Spot,black_spot,1895,train
Rose_Black_Spot/resized_Black Spot_561.jpg,Rose_Black_Spot,black_spot,1900,test
Rose_Black_Spot/resized_Black Spot_563.jpg,Rose_Black_Spot,black_spot,1901,train
Rose_Black_Spot/resized_Black Spot_564.jpg,Rose_Black_Spot,black_spot,1902,train
Rose_Black_Spot/resized_Black Spot_565.jpg,Rose_Black_Spot,black_spot,1903,val
Rose_Black_Spot/resized_Black Spot_566.jpg,Rose_Black_Spot,black_spot,1904,train
Rose_Black_Spot/resized_Black Spot_567.jpg,Rose_Black_Spot,black_spot,1905,train
Rose_Black_Spot/resized_Black Spot_568.jpg,Rose_Black_Spot,black_spot,1906,train
Rose_Black_Spot/resized_Black Spot_57.jpg,Rose_Black_Spot,black_spot,1907,test
Rose_Black_Spot/resized_Black Spot_570.jpg,Rose_Black_Spot,black_spot,1908,train
Rose_Black_Spot/resized_Black Spot_571.jpg,Rose_Black_Spot,black_spot,1909,val
Rose_Black_Spot/resized_Black Spot_572.jpg,Rose_Black_Spot,black_spot,1910,train
Rose_Black_Spot/resized_Black Spot_573.jpg,Rose_Black_Spot,black_spot,1911,test
Rose_Black_Spot/resized_Black Spot_574.jpg,Rose_Black_Spot,black_spot,1912,train
Rose_Black_Spot/resized_Black Spot_575.jpg,Rose_Black_Spot,black_spot,1913,val
Rose_Black_Spot/resized_Black Spot_576.jpg,Rose_Black_Spot,black_spot,1914,train
Rose_Black_Spot/resized_Black Spot_577.jpg,Rose_Black_Spot,black_spot,1915,val
Rose_Black_Spot/resized_Black Spot_578.jpg,Rose_Black_Spot,black_spot,1916,train
Rose_Healthy/IMG (1).jpg,Rose_Healthy,studio,0,train
Rose_Healthy/IMG (10).jpg,Rose_Healthy,studio,1,test
Rose_Healthy/IMG (100).jpg,Rose_Healthy,studio,2,test
Rose_Healthy/IMG (1000).JPG,Rose_Healthy,studio,3,train
Rose_Healthy/IMG (1001).JPG,Rose_Healthy,studio,4,train
Rose_Healthy/IMG (1002).JPG,Rose_Healthy,studio,5,train
Rose_Healthy/IMG (1003).JPG,Rose_Healthy,studio,6,train
Rose_Healthy/IMG (1004).JPG,Rose_Healthy,studio,7,train
Rose_Healthy/IMG (1005).JPG,Rose_Healthy,studio,8,test
Rose_Healthy/IMG (1006).JPG,Rose_Healthy,studio,9,train
Rose_Healthy/IMG (1007).JPG,Rose_Healthy,studio,10,train
Rose_Healthy/IMG (1008).JPG,Rose_Healthy,studio,11,train
Rose_Healthy/IMG (1009).JPG,Rose_Healthy,studio,12,train
Rose_Healthy/IMG (101).jpg,Rose_Healthy,studio,13,train
Rose_Healthy/IMG (1010).JPG,Rose_Healthy,studio,14,train
Rose_Healthy/IMG (1011).JPG,Rose_Healthy,studio,15,val
Rose_Healthy/IMG (1012).JPG,Rose_Healthy,studio,16,train
Rose_Healthy/IMG (1013).JPG,Rose_Healthy,studio,17,train
Rose_Healthy/IMG (1014).JPG,Rose_Healthy,studio,18,train
Rose_Healthy/IMG (1015).JPG,Rose_Healthy,studio,19,train
Rose_Healthy/IMG (1016).JPG,Rose_Healthy,studio,20,train
Rose_Healthy/IMG (1017).JPG,Rose_Healthy,studio,21,val
Rose_Healthy/IMG (1018).JPG,Rose_Healthy,studio,22,test
Rose_Healthy/IMG (1019).JPG,Rose_Healthy,studio,23,train
Rose_Healthy/IMG (102).jpg,Rose_Healthy,studio,24,train
Rose_Healthy/IMG (1020).JPG,Rose_Healthy,studio,25,test
Rose_Healthy/IMG (1021).JPG,Rose_Healthy,studio,26,train
Rose_Healthy/IMG (1022).JPG,Rose_Healthy,studio,27,train
Rose_Healthy/IMG (1023).JPG,Rose_Healthy,studio,28,train
Rose_Healthy/IMG (1024).JPG,Rose_Healthy,studio,29,val
Rose_Healthy/IMG (1025).JPG,Rose_Healthy,studio,30,train
Rose_Healthy/IMG (1026).JPG,Rose_Healthy,studio,31,train
Rose_Healthy/IMG (1027).JPG,Rose_Healthy,studio,32,train
Rose_Healthy/IMG (1028).JPG,Rose_Healthy,studio,33,val
Rose_Healthy/IMG (1029).JPG,Rose_Healthy,studio,34,test
Rose_Healthy/IMG (103).jpg,Rose_Healthy,studio,35,train
Rose_Healthy/IMG (1030).JPG,Rose_Healthy,studio,36,test
Rose_Healthy/IMG (1031).JPG,Rose_Healthy,studio,37,train
Rose_Healthy/IMG (1032).JPG,Rose_Healthy,studio,38,val
Rose_Healthy/IMG (1033).JPG,Rose_Healthy,studio,39,train
Rose_Healthy/IMG (1034).JPG,Rose_Healthy,studio,40,train
Rose_Healthy/IMG (1035).JPG,Rose_Healthy,studio,41,val
Rose_Healthy/IMG (1036).JPG,Rose_Healthy,studio,42,train
Rose_Healthy/IMG (1037).JPG,Rose_Healthy,studio,43,train
Rose_Healthy/IMG (1038).JPG,Rose_Healthy,studio,44,test
Rose_Healthy/IMG (1039).JPG,Rose_Healthy,studio,45,train
Rose_Healthy/IMG (104).jpg,Rose_Healthy,studio,46,test
Rose_Healthy/IMG (1040).JPG,Rose_Healthy,studio,47,train
Rose_Healthy/IMG (1041).JPG,Rose_Healthy,studio,47,train
Rose_Healthy/IMG (1042).JPG,Rose_Healthy,studio,48,train
Rose_Healthy/IMG (1043).JPG,Rose_Healthy,studio,49,train
Rose_Healthy/IMG (1044).JPG,Rose_Healthy,studio,50,train
Rose_Healthy/IMG (1045).JPG,Rose_Healthy,studio,51,train
Rose_Healthy/IMG (1046).JPG,Rose_Healthy,studio,52,test
Rose_Healthy/IMG (1047).JPG,Rose_Healthy,studio,53,train
Rose_Healthy/IMG (1048).JPG,Rose_Healthy,studio,54,train
Rose_Healthy/IMG (1049).JPG,Rose_Healthy,studio,55,train
Rose_Healthy/IMG (105).jpg,Rose_Healthy,studio,56,train
Rose_Healthy/IMG (1050).JPG,Rose_Healthy,studio,57,train
Rose_Healthy/IMG (1051).JPG,Rose_Healthy,studio,58,train
Rose_Healthy/IMG (1052).JPG,Rose_Healthy,studio,59,train
Rose_Healthy/IMG (1053).JPG,Rose_Healthy,studio,60,train
Rose_Healthy/IMG (1054).JPG,Rose_Healthy,studio,61,val
Rose_Healthy/IMG (1055).JPG,Rose_Healthy,studio,62,train
Rose_Healthy/IMG (1056).JPG,Rose_Healthy,studio,63,train
Rose_Healthy/IMG (1057).JPG,Rose_Healthy,studio,64,test
Rose_Healthy/IMG (1058).JPG,Rose_Healthy,studio,65,train
Rose_Healthy/IMG (1059).JPG,Rose_Healthy,studio,66,train
Rose_Healthy/IMG (106).jpg,Rose_Healthy,studio,67,train
Rose_Healthy/IMG (1060).JPG,Rose_Healthy,studio,68,train
Rose_Healthy/IMG (1061).JPG,Rose_Healthy,studio,69,train
Rose_Healthy/IMG (1062).JPG,Rose_Healthy,studio,70,train
Rose_Healthy/IMG (1063).JPG,Rose_Healthy,studio,71,val
Rose_Healthy/IMG (1064).JPG,Rose_Healthy,studio,72,test
Rose_Healthy/IMG (1065).JPG,Rose_Healthy,studio,73,train
Rose_Healthy/IMG (1066).JPG,Rose_Healthy,studio,74,train
Rose_Healthy/IMG (1067).JPG,Rose_Healthy,studio,75,val
Rose_Healthy/IMG (1068).JPG,Rose_Healthy,studio,76,val
Rose_Healthy/IMG (1069).JPG,Rose_Healthy,studio,77,val
Rose_Healthy/IMG (107).jpg,Rose_Healthy,studio,78,train
Rose_Healthy/IMG (1070).JPG,Rose_Healthy,studio,79,train
Rose_Healthy/IMG (1071).JPG,Rose_Healthy,studio,80,test
Rose_Healthy/IMG (1072).JPG,Rose_Healthy,studio,81,train
Rose_Healthy/IMG (1073).JPG,Rose_Healthy,studio,82,test
Rose_Healthy/IMG (1074).JPG,Rose_Healthy,studio,83,train
Rose_Healthy/IMG (1075).JPG,Rose_Healthy,studio,84,train
Rose_Healthy/IMG (1076).JPG,Rose_Healthy,studio,85,train
Rose_Healthy/IMG (1077).JPG,Rose_Healthy,studio,86,train
Rose_Healthy/IMG (1078).JPG,Rose_Healthy,studio,87,train
Rose_Healthy/IMG (1079).JPG,Rose_Healthy,studio,88,train
Rose_Healthy/IMG (108).jpg,Rose_Healthy,studio,89,train
Rose_Healthy/IMG (1080).JPG,Rose_Healthy,studio,90,val
Rose_Healthy/IMG (1081).JPG,Rose_Healthy,studio,91,train
Rose_Healthy/IMG (1082).JPG,Rose_Healthy,studio,92,val
Rose_Healthy/IMG (1083).JPG,Rose_Healthy,studio,93,test
Rose_Healthy/IMG (1084).JPG,Rose_Healthy,studio,94,train
Rose_Healthy/IMG (1085).JPG,Rose_Healthy,studio,95,train
Rose_Healthy/IMG (1086).JPG,Rose_Healthy,studio,96,train
Rose_Healthy/IMG (1087).JPG,Rose_Healthy,studio,97,train
Rose_Healthy/IMG (1088).JPG,Rose_Healthy,studio,98,train
Rose_Healthy/IMG (1089).JPG,Rose_Healthy,studio,99,train
Rose_Healthy/IMG (109).jpg,Rose_Healthy,studio,100,test
Rose_Healthy/IMG (1090).JPG,Rose_Healthy,studio,101,val
Rose_Healthy/IMG (1091).JPG,Rose_Healthy,studio,102,train
Rose_Healthy/IMG (1092).JPG,Rose_Healthy,studio,103,train
Rose_Healthy/IMG (1093).JPG,Rose_Healthy,studio,104,train
Rose_Healthy/IMG (1094).JPG,Rose_Healthy,studio,105,train
Rose_Healthy/IMG (1095).JPG,Rose_Healthy,studio,106,train
Rose_Healthy/IMG (1096).JPG,Rose_Healthy,studio,107,train
Rose_Healthy/IMG (1097).JPG,Rose_Healthy,studio,108,train
Rose_Healthy/IMG (1098).JPG,Rose_Healthy,studio,109,val
Rose_Healthy/IMG (1099).JPG,Rose_Healthy,studio,110,test
Rose_Healthy/IMG (11).jpg,Rose_Healthy,studio,111,train
Rose_Healthy/IMG (110).jpg,Rose_Healthy,studio,112,train
Rose_Healthy/IMG (1100).JPG,Rose_Healthy,studio,113,train
Rose_Healthy/IMG (1101).JPG,Rose_Healthy,studio,114,train
Rose_Healthy/IMG (1102).JPG,Rose_Healthy,studio,115,train
Rose_Healthy/IMG (1103).JPG,Rose_Healthy,studio,116,val
Rose_Healthy/IMG (1104).JPG,Rose_Healthy,studio,117,test
Rose_Healthy/IMG (1105).JPG,Rose_Healthy,studio,118,train
Rose_Healthy/IMG (1106).JPG,Rose_Healthy,studio,119,val
Rose_Healthy/IMG (1107).JPG,Rose_Healthy,studio,120,test
Rose_Healthy/IMG (1108).JPG,Rose_Healthy,studio,121,train
Rose_Healthy/IMG (1109).JPG,Rose_Healthy,studio,122,train
Rose_Healthy/IMG (111).jpg,Rose_Healthy,studio,123,train
Rose_Healthy/IMG (1110).JPG,Rose_Healthy,studio,124,test
Rose_Healthy/IMG (1111).JPG,Rose_Healthy,studio,125,train
Rose_Healthy/IMG (1112).JPG,Rose_Healthy,studio,126,test
Rose_Healthy/IMG (1113).JPG,Rose_Healthy,studio,127,val
Rose_Healthy/IMG (1114).JPG,Rose_Healthy,studio,128,train
Rose_Healthy/IMG (1115).JPG,Rose_Healthy,studio,129,val
Rose_Healthy/IMG (1116).JPG,Rose_Healthy,studio,130,train
Rose_Healthy/IMG (1117).JPG,Rose_Healthy,studio,131,train
Rose_Healthy/IMG (1118).JPG,Rose_Healthy,studio,132,train
Rose_Healthy/IMG (1119).JPG,Rose_Healthy,studio,133,train
Rose_Healthy/IMG (112).jpg,Rose_Healthy,studio,134,val
Rose_Healthy/IMG (1120).JPG,Rose_Healthy,studio,135,test
Rose_Healthy/IMG (1121).JPG,Rose_Healthy,studio,136,train
Rose_Healthy/IMG (1122).JPG,Rose_Healthy,studio,137,train
Rose_Healthy/IMG (1123).JPG,Rose_Healthy,studio,138,val
Rose_Healthy/IMG (1124).JPG,Rose_Healthy,studio,139,test
Rose_Healthy/IMG (1125).JPG,Rose_Healthy,studio,140,val
Rose_Healthy/IMG (1126).JPG,Rose_Healthy,studio,141,train
Rose_Healthy/IMG (1127).JPG,Rose_Healthy,studio,142,train
Rose_Healthy/IMG (1128).JPG,Rose_Healthy,studio,143,train
Rose_Healthy/IMG (1129).JPG,Rose_Healthy,studio,144,train
Rose_Healthy/IMG (113).jpg,Rose_Healthy,studio,145,val
Rose_Healthy/IMG (1130).JPG,Rose_Healthy,studio,146,val
Rose_Healthy/IMG (1131).JPG,Rose_Healthy,studio,147,train
Rose_Healthy/IMG (1132).JPG,Rose_Healthy,studio,148,test
Rose_Healthy/IMG (1133).JPG,Rose_Healthy,studio,149,val
Rose_Healthy/IMG (1134).JPG,Rose_Healthy,studio,150,train
Rose_Healthy/IMG (1135).JPG,Rose_Healthy,studio,151,train
Rose_Healthy/IMG (1136).JPG,Rose_Healthy,studio,152,val
Rose_Healthy/IMG (1137).JPG,Rose_Healthy,studio,153,train
Rose_Healthy/IMG (1138).JPG,Rose_Healthy,studio,154,train
Rose_Healthy/IMG (1139).JPG,Rose_Healthy,studio,155,train
Rose_Healthy/IMG (114).jpg,Rose_Healthy,studio,156,train
Rose_Healthy/IMG (1140).JPG,Rose_Healthy,studio,157,train
Rose_Healthy/IMG (1141).JPG,Rose_Healthy,studio,158,train
Rose_Healthy/IMG (1142).JPG,Rose_Healthy,studio,159,train
Rose_Healthy/IMG (1143).JPG,Rose_Healthy,studio,160,test
Rose_Healthy/IMG (1144).JPG,Rose_Healthy,studio,161,test
Rose_Healthy/IMG (1145).JPG,Rose_Healthy,studio,162,train
Rose_Healthy/IMG (1146).JPG,Rose_Healthy,studio,163,train
Rose_Healthy/IMG (1147).JPG,Rose_Healthy,studio,164,test
Rose_Healthy/IMG (1148).JPG,Rose_Healthy,studio,165,train
Rose_Healthy/IMG (1149).JPG,Rose_Healthy,studio,166,train
Rose_Healthy/IMG (115).jpg,Rose_Healthy,studio,167,train
Rose_Healthy/IMG (1150).JPG,Rose_Healthy,studio,168,test
Rose_Healthy/IMG (1151).JPG,Rose_Healthy,studio,169,val
Rose_Healthy/IMG (1152).JPG,Rose_Healthy,studio,170,val
Rose_Healthy/IMG (1153).JPG,Rose_Healthy,studio,171,train
Rose_Healthy/IMG (1154).JPG,Rose_Healthy,studio,172,train
Rose_Healthy/IMG (1155).JPG,Rose_Healthy,studio,173,train
Rose_Healthy/IMG (1156).JPG,Rose_Healthy,studio,174,val
Rose_Healthy/IMG (1157).JPG,Rose_Healthy,studio,175,train
Rose_Healthy/IMG (1158).JPG,Rose_Healthy,studio,176,train
Rose_Healthy/IMG (1159).JPG,Rose_Healthy,studio,177,train
Rose_Healthy/IMG (116).jpg,Rose_Healthy,studio,178,train
Rose_Healthy/IMG (1160).JPG,Rose_Healthy,studio,179,val
Rose_Healthy/IMG (1161).JPG,Rose_Healthy,studio,180,train
Rose_Healthy/IMG (1162).JPG,Rose_Healthy,studio,181,train
Rose_Healthy/IMG (1163).JPG,Rose_Healthy,studio,182,train
Rose_Healthy/IMG (1164).JPG,Rose_Healthy,studio,183,train
Rose_Healthy/IMG (1165).JPG,Rose_Healthy,studio,184,test
Rose_Healthy/IMG (1166).JPG,Rose_Healthy,studio,185,val
Rose_Healthy/IMG (1167).JPG,Rose_Healthy,studio,186,train
Rose_Healthy/IMG (1168).JPG,Rose_Healthy,studio,187,train
Rose_Healthy/IMG (1169).JPG,Rose_Healthy,studio,188,train
Rose_Healthy/IMG (117).jpg,Rose_Healthy,studio,189,train
Rose_Healthy/IMG (1170).JPG,Rose_Healthy,studio,190,train
Rose_Healthy/IMG (1171).JPG,Rose_Healthy,studio,191,train
Rose_Healthy/IMG (1172).JPG,Rose_Healthy,studio,192,test
Rose_Healthy/IMG (1173).JPG,Rose_Healthy,studio,193,train
Rose_Healthy/IMG (1174).JPG,Rose_Healthy,studio,194,train
Rose_Healthy/IMG (1175).JPG,Rose_Healthy,studio,195,train
Rose_Healthy/IMG (1176).JPG,Rose_Healthy,studio,196,train
Rose_Healthy/IMG (1177).JPG,Rose_Healthy,studio,197,train
Rose_Healthy/IMG (1178).JPG,Rose_Healthy,studio,198,train
Rose_Healthy/IMG (1179).JPG,Rose_Healthy,studio,199,train
Rose_Healthy/IMG (118).jpg,Rose_Healthy,studio,200,train
Rose_Healthy/IMG (1180).JPG,Rose_Healthy,studio,201,train
Rose_Healthy/IMG (1181).JPG,Rose_Healthy,studio,202,val
Rose_Healthy/IMG (1182).JPG,Rose_Healthy,studio,203,val
Rose_Healthy/IMG (1183).JPG,Rose_Healthy,studio,204,train
Rose_Healthy/IMG (1184).JPG,Rose_Healthy,studio,205,train
Rose_Healthy/IMG (1185).JPG,Rose_Healthy,studio,206,train
Rose_Healthy/IMG (1186).JPG,Rose_Healthy,studio,207,train
Rose_Healthy/IMG (1187).JPG,Rose_Healthy,studio,208,val
Rose_Healthy/IMG (1188).JPG,Rose_Healthy,studio,209,train
Rose_Healthy/IMG (119).jpg,Rose_Healthy,studio,210,train
Rose_Healthy/IMG (1190).JPG,Rose_Healthy,studio,211,train
Rose_Healthy/IMG (1191).JPG,Rose_Healthy,studio,212,test
Rose_Healthy/IMG (1192).JPG,Rose_Healthy,studio,213,train
Rose_Healthy/IMG (1193).JPG,Rose_Healthy,studio,214,train
Rose_Healthy/IMG (1194).JPG,Rose_Healthy,studio,215,train
Rose_Healthy/IMG (1195).JPG,Rose_Healthy,studio,216,train
Rose_Healthy/IMG (1196).JPG,Rose_Healthy,studio,217,train
Rose_Healthy/IMG (1197).JPG,Rose_Healthy,studio,218,train
Rose_Healthy/IMG (1198).JPG,Rose_Healthy,studio,219,train
Rose_Healthy/IMG (1199).JPG,Rose_Healthy,studio,220,train
Rose_Healthy/IMG (12).jpg,Rose_Healthy,studio,221,train
Rose_Healthy/IMG (120).jpg,Rose_Healthy,studio,222,train
Rose_Healthy/IMG (1200).JPG,Rose_Healthy,studio,223,train
Rose_Healthy/IMG (1201).JPG,Rose_Healthy,studio,224,val
Rose_Healthy/IMG (1202).JPG,Rose_Healthy,studio,225,train
Rose_Healthy/IMG (1203).JPG,Rose_Healthy,studio,226,train
Rose_Healthy/IMG (1204).JPG,Rose_Healthy,studio,227,train
Rose_Healthy/IMG (1205).JPG,Rose_Healthy,studio,228,train
Rose_Healthy/IMG (1206).JPG,Rose_Healthy,studio,229,train
Rose_Healthy/IMG (1207).JPG,Rose_Healthy,studio,230,train
Rose_Healthy/IMG (1208).JPG,Rose_Healthy,studio,231,test
Rose_Healthy/IMG (1209).JPG,Rose_Healthy,studio,232,test
Rose_Healthy/IMG (121).jpg,Rose_Healthy,studio,233,train
Rose_Healthy/IMG (1210).JPG,Rose_Healthy,studio,234,val
Rose_Healthy/IMG (1211).JPG,Rose_Healthy,studio,235,train
Rose_Healthy/IMG (1212).JPG,Rose_Healthy,studio,236,train
Rose_Healthy/IMG (1214).JPG,Rose_Healthy,studio,165,train
Rose_Healthy/IMG (1215).JPG,Rose_Healthy,studio,237,train
Rose_Healthy/IMG (1216).JPG,Rose_Healthy,studio,155,train
Rose_Healthy/IMG (1217).JPG,Rose_Healthy,studio,238,train
Rose_Healthy/IMG (1218).JPG,Rose_Healthy,studio,239,train
Rose_Healthy/IMG (1219).JPG,Rose_Healthy,studio,240,test
Rose_Healthy/IMG (122).jpg,Rose_Healthy,studio,241,train
Rose_Healthy/IMG (1220).JPG,Rose_Healthy,studio,242,train
Rose_Healthy/IMG (1221).JPG,Rose_Healthy,studio,243,train
Rose_Healthy/IMG (1222).JPG,Rose_Healthy,studio,244,val
Rose_Healthy/IMG (1223).JPG,Rose_Healthy,studio,245,val
Rose_Healthy/IMG (1224).JPG,Rose_Healthy,studio,246,val
Rose_Healthy/IMG (1225).JPG,Rose_Healthy,studio,247,train
Rose_Healthy/IMG (1226).JPG,Rose_Healthy,studio,248,train
Rose_Healthy/IMG (1227).JPG,Rose_Healthy,studio,249,test
Rose_Healthy/IMG (1228).JPG,Rose_Healthy,studio,250,train
Rose_Healthy/IMG (1229).JPG,Rose_Healthy,studio,251,train
Rose_Healthy/IMG (123).jpg,Rose_Healthy,studio,252,train
Rose_Healthy/IMG (1230).JPG,Rose_Healthy,studio,253,train
Rose_Healthy/IMG (1231).JPG,Rose_Healthy,studio,254,train
Rose_Healthy/IMG (1232).JPG,Rose_Healthy,studio,255,train
Rose_Healthy/IMG (1233).JPG,Rose_Healthy,studio,256,val
Rose_Healthy/IMG (1234).JPG,Rose_Healthy,studio,257,train
Rose_Healthy/IMG (1235).JPG,Rose_Healthy,studio,258,test
Rose_Healthy/IMG (1236).JPG,Rose_Healthy,studio,259,train
Rose_Healthy/IMG (1237).JPG,Rose_Healthy,studio,260,train
Rose_Healthy/IMG (1238).JPG,Rose_Healthy,studio,261,val
Rose_Healthy/IMG (1239).JPG,Rose_Healthy,studio,262,train
Rose_Healthy/IMG (124).jpg,Rose_Healthy,studio,263,val
Rose_Healthy/IMG (1240).JPG,Rose_Healthy,studio,264,train
Rose_Healthy/IMG (1241).JPG,Rose_Healthy,studio,265,train
Rose_Healthy/IMG (1242).JPG,Rose_Healthy,studio,266,train
Rose_Healthy/IMG (1243).JPG,Rose_Healthy,studio,267,train
Rose_Healthy/IMG (1244).JPG,Rose_Healthy,studio,268,test
Rose_Healthy/IMG (1245).JPG,Rose_Healthy,studio,269,train
Rose_Healthy/IMG (1246).JPG,Rose_Healthy,studio,270,test
Rose_Healthy/IMG (1247).JPG,Rose_Healthy,studio,271,train
Rose_Healthy/IMG (1248).JPG,Rose_Healthy,studio,272,train
Rose_Healthy/IMG (1249).JPG,Rose_Healthy,studio,273,train
Rose_Healthy/IMG (125).jpg,Rose_Healthy,studio,274,train
Rose_Healthy/IMG (1250).JPG,Rose_Healthy,studio,275,train
Rose_Healthy/IMG (1251).JPG,Rose_Healthy,studio,276,train
Rose_Healthy/IMG (1252).JPG,Rose_Healthy,studio,277,train
Rose_Healthy/IMG (1253).JPG,Rose_Healthy,studio,278,val
Rose_Healthy/IMG (1254).JPG,Rose_Healthy,studio,279,train
Rose_Healthy/IMG (1255).JPG,Rose_Healthy,studio,280,train
Rose_Healthy/IMG (1256).JPG,Rose_Healthy,studio,281,train
Rose_Healthy/IMG (1257).JPG,Rose_Healthy,studio,282,train
Rose_Healthy/IMG (1258).JPG,Rose_Healthy,studio,283,train
Rose_Healthy/IMG (1259).JPG,Rose_Healthy,studio,284,test
Rose_Healthy/IMG (126).jpg,Rose_Healthy,studio,285,train
Rose_Healthy/IMG (1260).JPG,Rose_Healthy,studio,286,train
Rose_Healthy/IMG (1261).JPG,Rose_Healthy,studio,287,train
Rose_Healthy/IMG (1262).JPG,Rose_Healthy,studio,288,train
Rose_Healthy/IMG (1263).JPG,Rose_Healthy,studio,289,train
Rose_Healthy/IMG (1264).JPG,Rose_Healthy,studio,290,train
Rose_Healthy/IMG (1265).JPG,Rose_Healthy,studio,291,train
Rose_Healthy/IMG (1266).JPG,Rose_Healthy,studio,292,train
Rose_Healthy/IMG (1267).JPG,Rose_Healthy,studio,293,val
Rose_Healthy/IMG (1268).JPG,Rose_Healthy,studio,294,train
Rose_Healthy/IMG (1269).JPG,Rose_Healthy,studio,295,test
Rose_Healthy/IMG (127).jpg,Rose_Healthy,studio,296,train
Rose_Healthy/IMG (1270).JPG,Rose_Healthy,studio,297,train
Rose_Healthy/IMG (1271).JPG,Rose_Healthy,studio,298,test
Rose_Healthy/IMG (1272).JPG,Rose_Healthy,studio,299,train
Rose_Healthy/IMG (1273).JPG,Rose_Healthy,studio,300,test
Rose_Healthy/IMG (1274).JPG,Rose_Healthy,studio,301,train
Rose_Healthy/IMG (1275).JPG,Rose_Healthy,studio,302,val
Rose_Healthy/IMG (1276).JPG,Rose_Healthy,studio,303,train
Rose_Healthy/IMG (1277).JPG,Rose_Healthy,studio,304,test
Rose_Healthy/IMG (1278).JPG,Rose_Healthy,studio,305,val
Rose_Healthy/IMG (1279).JPG,Rose_Healthy,studio,306,train
Rose_Healthy/IMG (128).jpg,Rose_Healthy,studio,307,train
Rose_Healthy/IMG (1280).JPG,Rose_Healthy,studio,308,train
Rose_Healthy/IMG (1281).JPG,Rose_Healthy,studio,309,test
Rose_Healthy/IMG (1282).JPG,Rose_Healthy,studio,310,train
Rose_Healthy/IMG (1283).JPG,Rose_Healthy,studio,311,val
Rose_Healthy/IMG (1284).JPG,Rose_Healthy,studio,312,val
Rose_Healthy/IMG (1285).JPG,Rose_Healthy,studio,313,train
Rose_Healthy/IMG (1286).JPG,Rose_Healthy,studio,314,test
Rose_Healthy/IMG (1287).JPG,Rose_Healthy,studio,315,train
Rose_Healthy/IMG (1288).JPG,Rose_Healthy,studio,316,val
Rose_Healthy/IMG (1289).JPG,Rose_Healthy,studio,317,train
Rose_Healthy/IMG (129).jpg,Rose_Healthy,studio,318,test
Rose_Healthy/IMG (1290).JPG,Rose_Healthy,studio,319,train
Rose_Healthy/IMG (1291).JPG,Rose_Healthy,studio,320,train
Rose_Healthy/IMG (1292).JPG,Rose_Healthy,studio,321,train
Rose_Healthy/IMG (1293).JPG,Rose_Healthy,studio,322,train
Rose_Healthy/IMG (1294).JPG,Rose_Healthy,studio,323,train
Rose_Healthy/IMG (1295).JPG,Rose_Healthy,studio,324,train
Rose_Healthy/IMG (1296).JPG,Rose_Healthy,studio,325,val
Rose_Healthy/IMG (1297).JPG,Rose_Healthy,studio,326,train
Rose_Healthy/IMG (1298).JPG,Rose_Healthy,studio,327,train
Rose_Healthy/IMG (1299).JPG,Rose_Healthy,studio,328,test
Rose_Healthy/IMG (13).jpg,Rose_Healthy,studio,329,val
Rose_Healthy/IMG (130).jpg,Rose_Healthy,studio,330,train
Rose_Healthy/IMG (1300).JPG,Rose_Healthy,studio,331,val
Rose_Healthy/IMG (1301).JPG,Rose_Healthy,studio,332,val
Rose_Healthy/IMG (1302).JPG,Rose_Healthy,studio,333,train
Rose_Healthy/IMG (1303).JPG,Rose_Healthy,studio,334,train
Rose_Healthy/IMG (1304).JPG,Rose_Healthy,studio,335,val
Rose_Healthy/IMG (1305).JPG,Rose_Healthy,studio,336,train
Rose_Healthy/IMG (1306).JPG,Rose_Healthy,studio,337,val
Rose_Healthy/IMG (1307).JPG,Rose_Healthy,studio,338,train
Rose_Healthy/IMG (1308).JPG,Rose_Healthy,studio,339,val
Rose_Healthy/IMG (1309).JPG,Rose_Healthy,studio,340,train
Rose_Healthy/IMG (131).jpg,Rose_Healthy,studio,341,train
Rose_Healthy/IMG (1310).JPG,Rose_Healthy,studio,342,train
Rose_Healthy/IMG (1311).JPG,Rose_Healthy,studio,343,train
Rose_Healthy/IMG (1312).JPG,Rose_Healthy,studio,344,train
Rose_Healthy/IMG (1313).JPG,Rose_Healthy,studio,345,train
Rose_Healthy/IMG (1314).JPG,Rose_Healthy,studio,346,test
Rose_Healthy/IMG (1315).JPG,Rose_Healthy,studio,347,train
Rose_Healthy/IMG (1316).JPG,Rose_Healthy,studio,348,val
Rose_Healthy/IMG (1317).JPG,Rose_Healthy,studio,349,train
Rose_Healthy/IMG (1318).JPG,Rose_Healthy,studio,350,train
Rose_Healthy/IMG (1319).JPG,Rose_Healthy,studio,351,train
Rose_Healthy/IMG (132).jpg,Rose_Healthy,studio,352,train
Rose_Healthy/IMG (1320).JPG,Rose_Healthy,studio,353,val
Rose_Healthy/IMG (1321).JPG,Rose_Healthy,studio,354,train
Rose_Healthy/IMG (1322).JPG,Rose_Healthy,studio,355,train
Rose_Healthy/IMG (1323).JPG,Rose_Healthy,studio,356,test
Rose_Healthy/IMG (1324).JPG,Rose_Healthy,studio,357,train
Rose_Healthy/IMG (1325).JPG,Rose_Healthy,studio,358,train
Rose_Healthy/IMG (1326).JPG,Rose_Healthy,studio,359,train
Rose_Healthy/IMG (1327).JPG,Rose_Healthy,studio,360,test
Rose_Healthy/IMG (1328).JPG,Rose_Healthy,studio,361,train
Rose_Healthy/IMG (1329).JPG,Rose_Healthy,studio,362,train
Rose_Healthy/IMG (133).jpg,Rose_Healthy,studio,363,train
Rose_Healthy/IMG (1330).JPG,Rose_Healthy,studio,364,train
Rose_Healthy/IMG (1331).JPG,Rose_Healthy,studio,365,train
Rose_Healthy/IMG (1332).JPG,Rose_Healthy,studio,366,train
Rose_Healthy/IMG (1333).JPG,Rose_Healthy,studio,367,val
Rose_Healthy/IMG (1334).JPG,Rose_Healthy,studio,368,train
Rose_Healthy/IMG (1335).JPG,Rose_Healthy,studio,369,train
Rose_Healthy/IMG (1336).JPG,Rose_Healthy,studio,370,train
Rose_Healthy/IMG (1337).JPG,Rose_Healthy,studio,371,test
Rose_Healthy/IMG (1338).JPG,Rose_Healthy,studio,372,train
Rose_Healthy/IMG (1339).JPG,Rose_Healthy,studio,373,train
Rose_Healthy/IMG (134).jpg,Rose_Healthy,studio,374,train
Rose_Healthy/IMG (1340).JPG,Rose_Healthy,studio,375,train
Rose_Healthy/IMG (1341).JPG,Rose_Healthy,studio,376,train
Rose_Healthy/IMG (1342).JPG,Rose_Healthy,studio,373,train
Rose_Healthy/IMG (1343).JPG,Rose_Healthy,studio,377,train
Rose_Healthy/IMG (1344).JPG,Rose_Healthy,studio,378,train
Rose_Healthy/IMG (1345).JPG,Rose_Healthy,studio,379,val
Rose_Healthy/IMG (1346).JPG,Rose_Healthy,studio,380,train
Rose_Healthy/IMG (1347).JPG,Rose_Healthy,studio,381,train
Rose_Healthy/IMG (1348).JPG,Rose_Healthy,studio,382,train
Rose_Healthy/IMG (1349).JPG,Rose_Healthy,studio,383,train
Rose_Healthy/IMG (135).jpg,Rose_Healthy,studio,384,train
Rose_Healthy/IMG (1350).JPG,Rose_Healthy,studio,385,train
Rose_Healthy/IMG (1351).JPG,Rose_Healthy,studio,386,train
Rose_Healthy/IMG (1352).JPG,Rose_Healthy,studio,387,train
Rose_Healthy/IMG (1353).JPG,Rose_Healthy,studio,388,train
Rose_Healthy/IMG (1354).JPG,Rose_Healthy,studio,389,train
Rose_Healthy/IMG (1355).JPG,Rose_Healthy,studio,390,val
Rose_Healthy/IMG (1356).JPG,Rose_Healthy,studio,391,train
Rose_Healthy/IMG (1357).JPG,Rose_Healthy,studio,392,val
Rose_Healthy/IMG (1358).JPG,Rose_Healthy,studio,393,train
Rose_Healthy/IMG (1359).JPG,Rose_Healthy,studio,394,train
Rose_Healthy/IMG (136).jpg,Rose_Healthy,studio,395,train
Rose_Healthy/IMG (1360).JPG,Rose_Healthy,studio,396,train
Rose_Healthy/IMG (1361).JPG,Rose_Healthy,studio,397,train
Rose_Healthy/IMG (1362).JPG,Rose_Healthy,studio,398,train
Rose_Healthy/IMG (1363).JPG,Rose_Healthy,studio,399,train
Rose_Healthy/IMG (1364).JPG,Rose_Healthy,studio,400,train
Rose_Healthy/IMG (1365).JPG,Rose_Healthy,studio,401,train
Rose_Healthy/IMG (1366).JPG,Rose_Healthy,studio,402,train
Rose_Healthy/IMG (1367).JPG,Rose_Healthy,studio,403,train
Rose_Healthy/IMG (1368).JPG,Rose_Healthy,studio,404,train
Rose_Healthy/IMG (1369).JPG,Rose_Healthy,studio,405,val
Rose_Healthy/IMG (137).jpg,Rose_Healthy,studio,406,val
Rose_Healthy/IMG (1370).JPG,Rose_Healthy,studio,407,train
Rose_Healthy/IMG (1371).JPG,Rose_Healthy,studio,408,train
Rose_Healthy/IMG (1372).JPG,Rose_Healthy,studio,409,train
Rose_Healthy/IMG (1373).JPG,Rose_Healthy,studio,410,val
Rose_Healthy/IMG (1374).JPG,Rose_Healthy,studio,411,train
Rose_Healthy/IMG (1375).JPG,Rose_Healthy,studio,412,test
Rose_Healthy/IMG (1376).JPG,Rose_Healthy,studio,413,val
Rose_Healthy/IMG (1377).JPG,Rose_Healthy,studio,414,train
Rose_Healthy/IMG (1378).JPG,Rose_Healthy,studio,415,train
Rose_Healthy/IMG (1379).JPG,Rose_Healthy,studio,416,train
Rose_Healthy/IMG (138).jpg,Rose_Healthy,studio,417,val
Rose_Healthy/IMG (1380).JPG,Rose_Healthy,studio,418,val
Rose_Healthy/IMG (1381).JPG,Rose_Healthy,studio,419,test
Rose_Healthy/IMG (1382).JPG,Rose_Healthy,studio,420,train
Rose_Healthy/IMG (1383).JPG,Rose_Healthy,studio,421,train
Rose_Healthy/IMG (1384).JPG,Rose_Healthy,studio,422,train
Rose_Healthy/IMG (1385).JPG,Rose_Healthy,studio,423,val
Rose_Healthy/IMG (1386).JPG,Rose_Healthy,studio,424,test
Rose_Healthy/IMG (1387).JPG,Rose_Healthy,studio,425,test
Rose_Healthy/IMG (1388).JPG,Rose_Healthy,studio,426,train
Rose_Healthy/IMG (1389).JPG,Rose_Healthy,studio,427,train
Rose_Healthy/IMG (139).jpg,Rose_Healthy,studio,428,train
Rose_Healthy/IMG (1390).JPG,Rose_Healthy,studio,429,train
Rose_Healthy/IMG (1391).JPG,Rose_Healthy,studio,255,train
Rose_Healthy/IMG (1392).JPG,Rose_Healthy,studio,430,train
Rose_Healthy/IMG (1393).JPG,Rose_Healthy,studio,431,train
Rose_Healthy/IMG (1394).JPG,Rose_Healthy,studio,432,train
Rose_Healthy/IMG (1395).JPG,Rose_Healthy,studio,433,train
Rose_Healthy/IMG (1396).JPG,Rose_Healthy,studio,434,test
Rose_Healthy/IMG (1397).JPG,Rose_Healthy,studio,435,train
Rose_Healthy/IMG (1398).JPG,Rose_Healthy,studio,436,train
Rose_Healthy/IMG (1399).JPG,Rose_Healthy,studio,437,train
Rose_Healthy/IMG (14).jpg,Rose_Healthy,studio,438,train
Rose_Healthy/IMG (140).jpg,Rose_Healthy,studio,439,test
Rose_Healthy/IMG (1400).JPG,Rose_Healthy,studio,440,train
Rose_Healthy/IMG (1401).JPG,Rose_Healthy,studio,441,test
Rose_Healthy/IMG (1402).JPG,Rose_Healthy,studio,442,test
Rose_Healthy/IMG (1403).JPG,Rose_Healthy,studio,443,train
Rose_Healthy/IMG (1404).JPG,Rose_Healthy,studio,444,train
Rose_Healthy/IMG (1405).JPG,Rose_Healthy,studio,445,train
Rose_Healthy/IMG (1406).JPG,Rose_Healthy,studio,446,test
Rose_Healthy/IMG (1407).JPG,Rose_Healthy,studio,447,train
Rose_Healthy/IMG (1408).JPG,Rose_Healthy,studio,448,train
Rose_Healthy/IMG (1409).JPG,Rose_Healthy,studio,449,test
Rose_Healthy/IMG (141).jpg,Rose_Healthy,studio,450,test
Rose_Healthy/IMG (1410).JPG,Rose_Healthy,studio,451,train
Rose_Healthy/IMG (1411).JPG,Rose_Healthy,studio,452,train
Rose_Healthy/IMG (1412).JPG,Rose_Healthy,studio,453,train
Rose_Healthy/IMG (1413).JPG,Rose_Healthy,studio,454,test
Rose_Healthy/IMG (1414).JPG,Rose_Healthy,studio,455,val
Rose_Healthy/IMG (1415).JPG,Rose_Healthy,studio,456,train
Rose_Healthy/IMG (1416).JPG,Rose_Healthy,studio,457,val
Rose_Healthy/IMG (1417).JPG,Rose_Healthy,studio,458,train
Rose_Healthy/IMG (1418).JPG,Rose_Healthy,studio,459,train
Rose_Healthy/IMG (1419).JPG,Rose_Healthy,studio,460,train
Rose_Healthy/IMG (142).jpg,Rose_Healthy,studio,461,test
Rose_Healthy/IMG (1420).JPG,Rose_Healthy,studio,462,train
Rose_Healthy/IMG (1421).JPG,Rose_Healthy,studio,463,train
Rose_Healthy/IMG (1422).JPG,Rose_Healthy,studio,464,train
Rose_Healthy/IMG (1423).JPG,Rose_Healthy,studio,465,test
Rose_Healthy/IMG (1424).JPG,Rose_Healthy,studio,466,test
Rose_Healthy/IMG (1425).JPG,Rose_Healthy,studio,467,val
Rose_Healthy/IMG (1426).JPG,Rose_Healthy,studio,468,train
Rose_Healthy/IMG (1427).JPG,Rose_Healthy,studio,469,train
Rose_Healthy/IMG (1428).JPG,Rose_Healthy,studio,470,test
Rose_Healthy/IMG (1429).JPG,Rose_Healthy,studio,471,train
Rose_Healthy/IMG (143).jpg,Rose_Healthy,studio,472,train
Rose_Healthy/IMG (1430).JPG,Rose_Healthy,studio,473,test
Rose_Healthy/IMG (1431).JPG,Rose_Healthy,studio,474,train
Rose_Healthy/IMG (1432).JPG,Rose_Healthy,studio,475,val
Rose_Healthy/IMG (1433).JPG,Rose_Healthy,studio,476,test
Rose_Healthy/IMG (1434).JPG,Rose_Healthy,studio,477,train
Rose_Healthy/IMG (1435).JPG,Rose_Healthy,studio,478,train
Rose_Healthy/IMG (1436).JPG,Rose_Healthy,studio,479,train
Rose_Healthy/IMG (1437).JPG,Rose_Healthy,studio,480,val
Rose_Healthy/IMG (1438).JPG,Rose_Healthy,studio,481,train
Rose_Healthy/IMG (1439).JPG,Rose_Healthy,studio,482,train
Rose_Healthy/IMG (144).jpg,Rose_Healthy,studio,483,train
Rose_Healthy/IMG (1440).JPG,Rose_Healthy,studio,484,train
Rose_Healthy/IMG (1441).JPG,Rose_Healthy,studio,485,train
Rose_Healthy/IMG (1442).JPG,Rose_Healthy,studio,486,train
Rose_Healthy/IMG (1443).JPG,Rose_Healthy,studio,487,train
Rose_Healthy/IMG (1444).JPG,Rose_Healthy,studio,488,train
Rose_Healthy/IMG (1445).JPG,Rose_Healthy,studio,489,train
Rose_Healthy/IMG (1446).JPG,Rose_Healthy,studio,490,train
Rose_Healthy/IMG (1447).JPG,Rose_Healthy,studio,491,train
Rose_Healthy/IMG (1448).JPG,Rose_Healthy,studio,492,train
Rose_Healthy/IMG (1449).JPG,Rose_Healthy,studio,493,train
Rose_Healthy/IMG (145).jpg,Rose_Healthy,studio,494,val
Rose_Healthy/IMG (1450).JPG,Rose_Healthy,studio,495,test
Rose_Healthy/IMG (1451).JPG,Rose_Healthy,studio,496,train
Rose_Healthy/IMG (1452).JPG,Rose_Healthy,studio,497,train
Rose_Healthy/IMG (1453).JPG,Rose_Healthy,studio,498,train
Rose_Healthy/IMG (1454).JPG,Rose_Healthy,studio,499,val
Rose_Healthy/IMG (1455).JPG,Rose_Healthy,studio,500,train
Rose_Healthy/IMG (1456).JPG,Rose_Healthy,studio,501,train
Rose_Healthy/IMG (1457).JPG,Rose_Healthy,studio,502,train
Rose_Healthy/IMG (1458).JPG,Rose_Healthy,studio,503,test
Rose_Healthy/IMG (1459).JPG,Rose_Healthy,studio,504,test
Rose_Healthy/IMG (146).jpg,Rose_Healthy,studio,505,val
Rose_Healthy/IMG (1460).JPG,Rose_Healthy,studio,506,train
Rose_Healthy/IMG (1461).JPG,Rose_Healthy,studio,507,val
Rose_Healthy/IMG (1462).JPG,Rose_Healthy,studio,508,test
Rose_Healthy/IMG (1463).JPG,Rose_Healthy,studio,509,train
Rose_Healthy/IMG (1464).JPG,Rose_Healthy,studio,510,train
Rose_Healthy/IMG (1465).JPG,Rose_Healthy,studio,511,train
Rose_Healthy/IMG (1466).JPG,Rose_Healthy,studio,512,train
Rose_Healthy/IMG (1467).JPG,Rose_Healthy,studio,513,val
Rose_Healthy/IMG (1468).JPG,Rose_Healthy,studio,514,train
Rose_Healthy/IMG (1469).JPG,Rose_Healthy,studio,515,train
Rose_Healthy/IMG (147).jpg,Rose_Healthy,studio,516,train
Rose_Healthy/IMG (1470).JPG,Rose_Healthy,studio,517,train
Rose_Healthy/IMG (1471).JPG,Rose_Healthy,studio,518,train
Rose_Healthy/IMG (1472).JPG,Rose_Healthy,studio,519,train
Rose_Healthy/IMG (1473).JPG,Rose_Healthy,studio,520,val
Rose_Healthy/IMG (1474).JPG,Rose_Healthy,studio,521,test
Rose_Healthy/IMG (1475).JPG,Rose_Healthy,studio,522,train
Rose_Healthy/IMG (1476).JPG,Rose_Healthy,studio,523,train
Rose_Healthy/IMG (1477).JPG,Rose_Healthy,studio,524,train
Rose_Healthy/IMG (1478).JPG,Rose_Healthy,studio,525,train
Rose_Healthy/IMG (1479).JPG,Rose_Healthy,studio,526,train
Rose_Healthy/IMG (148).jpg,Rose_Healthy,studio,527,train
Rose_Healthy/IMG (1480).JPG,Rose_Healthy,studio,528,train
Rose_Healthy/IMG (1481).JPG,Rose_Healthy,studio,529,train
Rose_Healthy/IMG (1482).JPG,Rose_Healthy,studio,530,val
Rose_Healthy/IMG (1483).JPG,Rose_Healthy,studio,531,test
Rose_Healthy/IMG (1484).JPG,Rose_Healthy,studio,532,train
Rose_Healthy/IMG (1485).JPG,Rose_Healthy,studio,533,train
Rose_Healthy/IMG (1486).JPG,Rose_Healthy,studio,534,train
Rose_Healthy/IMG (1487).JPG,Rose_Healthy,studio,535,train
Rose_Healthy/IMG (1488).JPG,Rose_Healthy,studio,536,train
Rose_Healthy/IMG (1489).JPG,Rose_Healthy,studio,537,train
Rose_Healthy/IMG (149).jpg,Rose_Healthy,studio,538,train
Rose_Healthy/IMG (1490).JPG,Rose_Healthy,studio,539,train
Rose_Healthy/IMG (1491).JPG,Rose_Healthy,studio,540,val
Rose_Healthy/IMG (1492).JPG,Rose_Healthy,studio,541,train
Rose_Healthy/IMG (1493).JPG,Rose_Healthy,studio,542,train
Rose_Healthy/IMG (1494).JPG,Rose_Healthy,studio,543,test
Rose_Healthy/IMG (1495).JPG,Rose_Healthy,studio,544,val
Rose_Healthy/IMG (1496).JPG,Rose_Healthy,studio,545,train
Rose_Healthy/IMG (1497).JPG,Rose_Healthy,studio,546,val
Rose_Healthy/IMG (1498).JPG,Rose_Healthy,studio,547,train
Rose_Healthy/IMG (1499).JPG,Rose_Healthy,studio,548,train
Rose_Healthy/IMG (15).jpg,Rose_Healthy,studio,549,train
Rose_Healthy/IMG (150).jpg,Rose_Healthy,studio,550,train
Rose_Healthy/IMG (1500).JPG,Rose_Healthy,studio,551,train
Rose_Healthy/IMG (1501).JPG,Rose_Healthy,studio,552,test
Rose_Healthy/IMG (1502).JPG,Rose_Healthy,studio,553,train
Rose_Healthy/IMG (1503).JPG,Rose_Healthy,studio,554,train
Rose_Healthy/IMG (1504).JPG,Rose_Healthy,studio,555,train
Rose_Healthy/IMG (1505).JPG,Rose_Healthy,studio,556,val
Rose_Healthy/IMG (1506).JPG,Rose_Healthy,studio,557,val
Rose_Healthy/IMG (1507).JPG,Rose_Healthy,studio,558,train
Rose_Healthy/IMG (1508).JPG,Rose_Healthy,studio,559,train
Rose_Healthy/IMG (1509).JPG,Rose_Healthy,studio,560,train
Rose_Healthy/IMG (151).jpg,Rose_Healthy,studio,561,train
Rose_Healthy/IMG (1510).JPG,Rose_Healthy,studio,562,test
Rose_Healthy/IMG (1511).JPG,Rose_Healthy,studio,563,val
Rose_Healthy/IMG (1512).JPG,Rose_Healthy,studio,564,val
Rose_Healthy/IMG (1513).JPG,Rose_Healthy,studio,565,test
Rose_Healthy/IMG (1514).JPG,Rose_Healthy,studio,566,train
Rose_Healthy/IMG (1515).JPG,Rose_Healthy,studio,567,train
Rose_Healthy/IMG (1516).JPG,Rose_Healthy,studio,568,train
Rose_Healthy/IMG (1517).JPG,Rose_Healthy,studio,569,train
Rose_Healthy/IMG (1518).JPG,Rose_Healthy,studio,570,train
Rose_Healthy/IMG (1519).JPG,Rose_Healthy,studio,571,train
Rose_Healthy/IMG (152).jpg,Rose_Healthy,studio,572,train
Rose_Healthy/IMG (1520).JPG,Rose_Healthy,studio,573,train
Rose_Healthy/IMG (1521).JPG,Rose_Healthy,studio,574,train
Rose_Healthy/IMG (1522).JPG,Rose_Healthy,studio,575,train
Rose_Healthy/IMG (1523).JPG,Rose_Healthy,studio,576,train
Rose_Healthy/IMG (1524).JPG,Rose_Healthy,studio,577,train
Rose_Healthy/IMG (1525).JPG,Rose_Healthy,studio,578,train
Rose_Healthy/IMG (1526).JPG,Rose_Healthy,studio,579,train
Rose_Healthy/IMG (1527).JPG,Rose_Healthy,studio,580,train
Rose_Healthy/IMG (1528).JPG,Rose_Healthy,studio,581,train
Rose_Healthy/IMG (1529).JPG,Rose_Healthy,studio,582,train
Rose_Healthy/IMG (153).jpg,Rose_Healthy,studio,583,train
Rose_Healthy/IMG (1530).JPG,Rose_Healthy,studio,584,train
Rose_Healthy/IMG (1531).JPG,Rose_Healthy,studio,585,train
Rose_Healthy/IMG (1532).JPG,Rose_Healthy,studio,586,train
Rose_Healthy/IMG (1533).JPG,Rose_Healthy,studio,587,train
Rose_Healthy/IMG (1534).JPG,Rose_Healthy,studio,588,test
Rose_Healthy/IMG (1535).JPG,Rose_Healthy,studio,589,train
Rose_Healthy/IMG (1536).JPG,Rose_Healthy,studio,590,test
Rose_Healthy/IMG (1537).JPG,Rose_Healthy,studio,591,train
Rose_Healthy/IMG (1538).JPG,Rose_Healthy,studio,592,train
Rose_Healthy/IMG (1539).JPG,Rose_Healthy,studio,593,test
Rose_Healthy/IMG (154).jpg,Rose_Healthy,studio,594,test
Rose_Healthy/IMG (1540).JPG,Rose_Healthy,studio,595,train
Rose_Healthy/IMG (1541).JPG,Rose_Healthy,studio,596,train
Rose_Healthy/IMG (1542).JPG,Rose_Healthy,studio,597,test
Rose_Healthy/IMG (1543).JPG,Rose_Healthy,studio,598,train
Rose_Healthy/IMG (1544).JPG,Rose_Healthy,studio,599,train
Rose_Healthy/IMG (1545).JPG,Rose_Healthy,studio,600,train
Rose_Healthy/IMG (1546).JPG,Rose_Healthy,studio,601,test
Rose_Healthy/IMG (1547).JPG,Rose_Healthy,studio,602,train
Rose_Healthy/IMG (1548).JPG,Rose_Healthy,studio,603,val
Rose_Healthy/IMG (1549).JPG,Rose_Healthy,studio,604,test
Rose_Healthy/IMG (155).jpg,Rose_Healthy,studio,605,train
Rose_Healthy/IMG (1550).JPG,Rose_Healthy,studio,606,train
Rose_Healthy/IMG (1551).JPG,Rose_Healthy,studio,607,train
Rose_Healthy/IMG (1552).JPG,Rose_Healthy,studio,608,val
Rose_Healthy/IMG (1553).JPG,Rose_Healthy,studio,609,val
Rose_Healthy/IMG (1554).JPG,Rose_Healthy,studio,373,train
Rose_Healthy/IMG (1555).JPG,Rose_Healthy,studio,610,train
Rose_Healthy/IMG (1556).JPG,Rose_Healthy,studio,611,train
Rose_Healthy/IMG (1557).JPG,Rose_Healthy,studio,612,val
Rose_Healthy/IMG (1558).JPG,Rose_Healthy,studio,613,test
Rose_Healthy/IMG (1559).JPG,Rose_Healthy,studio,614,train
Rose_Healthy/IMG (156).jpg,Rose_Healthy,studio,615,train
Rose_Healthy/IMG (1560).JPG,Rose_Healthy,studio,616,train
Rose_Healthy/IMG (1561).JPG,Rose_Healthy,studio,617,train
Rose_Healthy/IMG (1562).JPG,Rose_Healthy,studio,618,test
Rose_Healthy/IMG (1563).JPG,Rose_Healthy,studio,619,train
Rose_Healthy/IMG (1564).JPG,Rose_Healthy,studio,620,train
Rose_Healthy/IMG (1565).JPG,Rose_Healthy,studio,621,train
Rose_Healthy/IMG (1566).JPG,Rose_Healthy,studio,259,train
Rose_Healthy/IMG (1567).JPG,Rose_Healthy,studio,622,train
Rose_Healthy/IMG (1568).JPG,Rose_Healthy,studio,623,test
Rose_Healthy/IMG (1569).JPG,Rose_Healthy,studio,624,train
Rose_Healthy/IMG (157).jpg,Rose_Healthy,studio,625,val
Rose_Healthy/IMG (1570).JPG,Rose_Healthy,studio,626,train
Rose_Healthy/IMG (1571).JPG,Rose_Healthy,studio,627,train
Rose_Healthy/IMG (1572).JPG,Rose_Healthy,studio,628,train
Rose_Healthy/IMG (1573).JPG,Rose_Healthy,studio,629,train
Rose_Healthy/IMG (1574).JPG,Rose_Healthy,studio,630,val
Rose_Healthy/IMG (1575).JPG,Rose_Healthy,studio,631,train
Rose_Healthy/IMG (1576).JPG,Rose_Healthy,studio,632,val
Rose_Healthy/IMG (1577).JPG,Rose_Healthy,studio,633,train
Rose_Healthy/IMG (1578).JPG,Rose_Healthy,studio,634,test
Rose_Healthy/IMG (1579).JPG,Rose_Healthy,studio,635,test
Rose_Healthy/IMG (158).jpg,Rose_Healthy,studio,636,train
Rose_Healthy/IMG (1580).JPG,Rose_Healthy,studio,637,test
Rose_Healthy/IMG (1581).JPG,Rose_Healthy,studio,638,val
Rose_Healthy/IMG (1582).JPG,Rose_Healthy,studio,639,train
Rose_Healthy/IMG (1583).JPG,Rose_Healthy,studio,165,train
Rose_Healthy/IMG (1584).JPG,Rose_Healthy,studio,640,val
Rose_Healthy/IMG (1585).JPG,Rose_Healthy,studio,641,test
Rose_Healthy/IMG (1586).JPG,Rose_Healthy,studio,642,train
Rose_Healthy/IMG (1587).JPG,Rose_Healthy,studio,643,train
Rose_Healthy/IMG (1588).JPG,Rose_Healthy,studio,644,train
Rose_Healthy/IMG (1589).JPG,Rose_Healthy,studio,645,train
Rose_Healthy/IMG (159).jpg,Rose_Healthy,studio,646,val
Rose_Healthy/IMG (1591).JPG,Rose_Healthy,studio,647,train
Rose_Healthy/IMG (1592).JPG,Rose_Healthy,studio,648,val
Rose_Healthy/IMG (1593).JPG,Rose_Healthy,studio,649,train
Rose_Healthy/IMG (1594).JPG,Rose_Healthy,studio,650,val
Rose_Healthy/IMG (1595).JPG,Rose_Healthy,studio,651,train
Rose_Healthy/IMG (1596).JPG,Rose_Healthy,studio,652,train
Rose_Healthy/IMG (1597).JPG,Rose_Healthy,studio,653,val
Rose_Healthy/IMG (1598).JPG,Rose_Healthy,studio,654,train
Rose_Healthy/IMG (1599).JPG,Rose_Healthy,studio,655,train
Rose_Healthy/IMG (16).jpg,Rose_Healthy,studio,656,train
Rose_Healthy/IMG (1600).JPG,Rose_Healthy,studio,657,train
Rose_Healthy/IMG (1601).JPG,Rose_Healthy,studio,658,train
Rose_Healthy/IMG (1602).JPG,Rose_Healthy,studio,659,train
Rose_Healthy/IMG (1603).JPG,Rose_Healthy,studio,660,train
Rose_Healthy/IMG (1604).JPG,Rose_Healthy,studio,661,train
Rose_Healthy/IMG (1605).JPG,Rose_Healthy,studio,662,train
Rose_Healthy/IMG (1606).JPG,Rose_Healthy,studio,663,test
Rose_Healthy/IMG (1607).JPG,Rose_Healthy,studio,664,val
Rose_Healthy/IMG (1608).JPG,Rose_Healthy,studio,665,test
Rose_Healthy/IMG (1609).JPG,Rose_Healthy,studio,666,train
Rose_Healthy/IMG (161).jpg,Rose_Healthy,studio,667,val
Rose_Healthy/IMG (1610).JPG,Rose_Healthy,studio,668,train
Rose_Healthy/IMG (1611).JPG,Rose_Healthy,studio,669,test
Rose_Healthy/IMG (1612).JPG,Rose_Healthy,studio,670,val
Rose_Healthy/IMG (1613).JPG,Rose_Healthy,studio,671,train
Rose_Healthy/IMG (1614).JPG,Rose_Healthy,studio,672,train
Rose_Healthy/IMG (1615).JPG,Rose_Healthy,studio,673,val
Rose_Healthy/IMG (1616).JPG,Rose_Healthy,studio,674,train
Rose_Healthy/IMG (1617).JPG,Rose_Healthy,studio,675,val
Rose_Healthy/IMG (1618).JPG,Rose_Healthy,studio,676,val
Rose_Healthy/IMG (1619).JPG,Rose_Healthy,studio,677,train
Rose_Healthy/IMG (162).jpg,Rose_Healthy,studio,678,test
Rose_Healthy/IMG (1620).JPG,Rose_Healthy,studio,679,test
Rose_Healthy/IMG (1621).JPG,Rose_Healthy,studio,680,train
Rose_Healthy/IMG (1622).JPG,Rose_Healthy,studio,681,train
Rose_Healthy/IMG (1623).JPG,Rose_Healthy,studio,682,test
Rose_Healthy/IMG (1624).JPG,Rose_Healthy,studio,683,train
Rose_Healthy/IMG (1625).JPG,Rose_Healthy,studio,684,train
Rose_Healthy/IMG (1626).JPG,Rose_Healthy,studio,685,train
Rose_Healthy/IMG (1627).JPG,Rose_Healthy,studio,686,val
Rose_Healthy/IMG (1628).JPG,Rose_Healthy,studio,687,test
Rose_Healthy/IMG (1629).JPG,Rose_Healthy,studio,688,test
Rose_Healthy/IMG (163).jpg,Rose_Healthy,studio,689,val
Rose_Healthy/IMG (1630).JPG,Rose_Healthy,studio,690,train
Rose_Healthy/IMG (1631).JPG,Rose_Healthy,studio,691,test
Rose_Healthy/IMG (1632).JPG,Rose_Healthy,studio,692,train
Rose_Healthy/IMG (1633).JPG,Rose_Healthy,studio,693,train
Rose_Healthy/IMG (1634).JPG,Rose_Healthy,studio,694,train
Rose_Healthy/IMG (1635).JPG,Rose_Healthy,studio,695,train
Rose_Healthy/IMG (1636).JPG,Rose_Healthy,studio,696,train
Rose_Healthy/IMG (1637).JPG,Rose_Healthy,studio,697,test
Rose_Healthy/IMG (1638).JPG,Rose_Healthy,studio,698,train
Rose_Healthy/IMG (1639).JPG,Rose_Healthy,studio,699,train
Rose_Healthy/IMG (164).jpg,Rose_Healthy,studio,389,train
Rose_Healthy/IMG (1640).JPG,Rose_Healthy,studio,700,train
Rose_Healthy/IMG (1641).JPG,Rose_Healthy,studio,701,train
Rose_Healthy/IMG (1642).JPG,Rose_Healthy,studio,702,train
Rose_Healthy/IMG (1643).JPG,Rose_Healthy,studio,703,val
Rose_Healthy/IMG (1644).JPG,Rose_Healthy,studio,704,train
Rose_Healthy/IMG (1645).JPG,Rose_Healthy,studio,705,test
Rose_Healthy/IMG (1646).JPG,Rose_Healthy,studio,706,test
Rose_Healthy/IMG (1647).JPG,Rose_Healthy,studio,707,val
Rose_Healthy/IMG (1648).JPG,Rose_Healthy,studio,708,train
Rose_Healthy/IMG (1649).JPG,Rose_Healthy,studio,709,train
Rose_Healthy/IMG (165).jpg,Rose_Healthy,studio,710,test
Rose_Healthy/IMG (1650).JPG,Rose_Healthy,studio,711,test
Rose_Healthy/IMG (1651).JPG,Rose_Healthy,studio,712,train
Rose_Healthy/IMG (1652).JPG,Rose_Healthy,studio,713,train
Rose_Healthy/IMG (1653).JPG,Rose_Healthy,studio,714,test
Rose_Healthy/IMG (1654).JPG,Rose_Healthy,studio,715,val
Rose_Healthy/IMG (1655).JPG,Rose_Healthy,studio,716,train
Rose_Healthy/IMG (1656).JPG,Rose_Healthy,studio,717,train
Rose_Healthy/IMG (1657).JPG,Rose_Healthy,studio,718,train
Rose_Healthy/IMG (1658).JPG,Rose_Healthy,studio,719,test
Rose_Healthy/IMG (1659).JPG,Rose_Healthy,studio,720,val
Rose_Healthy/IMG (166).jpg,Rose_Healthy,studio,721,train
Rose_Healthy/IMG (1660).JPG,Rose_Healthy,studio,722,val
Rose_Healthy/IMG (1661).JPG,Rose_Healthy,studio,723,val
Rose_Healthy/IMG (1662).JPG,Rose_Healthy,studio,724,train
Rose_Healthy/IMG (1663).JPG,Rose_Healthy,studio,725,train
Rose_Healthy/IMG (1664).JPG,Rose_Healthy,studio,726,train
Rose_Healthy/IMG (1666).JPG,Rose_Healthy,studio,727,train
Rose_Healthy/IMG (1667).JPG,Rose_Healthy,studio,728,val
Rose_Healthy/IMG (1668).JPG,Rose_Healthy,studio,729,train
Rose_Healthy/IMG (1669).JPG,Rose_Healthy,studio,730,train
Rose_Healthy/IMG (167).jpg,Rose_Healthy,studio,731,test
Rose_Healthy/IMG (1670).JPG,Rose_Healthy,studio,732,train
Rose_Healthy/IMG (1671).JPG,Rose_Healthy,studio,733,val
Rose_Healthy/IMG (1672).JPG,Rose_Healthy,studio,734,train
Rose_Healthy/IMG (1673).JPG,Rose_Healthy,studio,735,train
Rose_Healthy/IMG (1674).JPG,Rose_Healthy,studio,736,train
Rose_Healthy/IMG (1675).JPG,Rose_Healthy,studio,737,val
Rose_Healthy/IMG (1676).JPG,Rose_Healthy,studio,738,train
Rose_Healthy/IMG (1677).JPG,Rose_Healthy,studio,739,val
Rose_Healthy/IMG (1678).JPG,Rose_Healthy,studio,740,train
Rose_Healthy/IMG (1679).JPG,Rose_Healthy,studio,741,train
Rose_Healthy/IMG (168).jpg,Rose_Healthy,studio,742,train
Rose_Healthy/IMG (1680).JPG,Rose_Healthy,studio,743,test
Rose_Healthy/IMG (1681).JPG,Rose_Healthy,studio,744,train
Rose_Healthy/IMG (1682).JPG,Rose_Healthy,studio,745,train
Rose_Healthy/IMG (1683).JPG,Rose_Healthy,studio,746,train
Rose_Healthy/IMG (1685).JPG,Rose_Healthy,studio,747,train
Rose_Healthy/IMG (169).jpg,Rose_Healthy,studio,748,train
Rose_Healthy/IMG (17).jpg,Rose_Healthy,studio,749,test
Rose_Healthy/IMG (170).jpg,Rose_Healthy,studio,750,train
Rose_Healthy/IMG (171).jpg,Rose_Healthy,studio,751,train
Rose_Healthy/IMG (172).jpg,Rose_Healthy,studio,752,val
Rose_Healthy/IMG (173).jpg,Rose_Healthy,studio,753,train
Rose_Healthy/IMG (174).jpg,Rose_Healthy,studio,754,test
Rose_Healthy/IMG (175).jpg,Rose_Healthy,studio,755,train
Rose_Healthy/IMG (176).jpg,Rose_Healthy,studio,756,val
Rose_Healthy/IMG (177).jpg,Rose_Healthy,studio,757,test
Rose_Healthy/IMG (178).jpg,Rose_Healthy,studio,758,train
Rose_Healthy/IMG (179).jpg,Rose_Healthy,studio,759,train
Rose_Healthy/IMG (18).jpg,Rose_Healthy,studio,760,train
Rose_Healthy/IMG (180).jpg,Rose_Healthy,studio,761,train
Rose_Healthy/IMG (181).jpg,Rose_Healthy,studio,762,train
Rose_Healthy/IMG (182).jpg,Rose_Healthy,studio,763,train
Rose_Healthy/IMG (183).jpg,Rose_Healthy,studio,764,train
Rose_Healthy/IMG (184).jpg,Rose_Healthy,studio,765,val
Rose_Healthy/IMG (185).jpg,Rose_Healthy,studio,766,train
Rose_Healthy/IMG (186).jpg,Rose_Healthy,studio,767,train
Rose_Healthy/IMG (187).jpg,Rose_Healthy,studio,768,train
Rose_Healthy/IMG (188).jpg,Rose_Healthy,studio,769,train
Rose_Healthy/IMG (189).jpg,Rose_Healthy,studio,770,train
Rose_Healthy/IMG (19).jpg,Rose_Healthy,studio,771,train
Rose_Healthy/IMG (190).jpg,Rose_Healthy,studio,772,train
Rose_Healthy/IMG (191).jpg,Rose_Healthy,studio,773,test
Rose_Healthy/IMG (192).jpg,Rose_Healthy,studio,774,test
Rose_Healthy/IMG (193).jpg,Rose_Healthy,studio,775,train
Rose_Healthy/IMG (194).jpg,Rose_Healthy,studio,776,test
Rose_Healthy/IMG (195).jpg,Rose_Healthy,studio,777,train
Rose_Healthy/IMG (196).jpg,Rose_Healthy,studio,778,test
Rose_Healthy/IMG (197).jpg,Rose_Healthy,studio,779,test
Rose_Healthy/IMG (198).jpg,Rose_Healthy,studio,780,test
Rose_Healthy/IMG (199).jpg,Rose_Healthy,studio,781,train
Rose_Healthy/IMG (2).jpg,Rose_Healthy,studio,782,test
Rose_Healthy/IMG (20).jpg,Rose_Healthy,studio,783,train
Rose_Healthy/IMG (200).jpg,Rose_Healthy,studio,784,train
Rose_Healthy/IMG (201).jpg,Rose_Healthy,studio,785,train
Rose_Healthy/IMG (202).jpg,Rose_Healthy,studio,786,train
Rose_Healthy/IMG (203).jpg,Rose_Healthy,studio,787,train
Rose_Healthy/IMG (204).jpg,Rose_Healthy,studio,788,train
Rose_Healthy/IMG (205).jpg,Rose_Healthy,studio,789,train
Rose_Healthy/IMG (206).jpg,Rose_Healthy,studio,790,test
Rose_Healthy/IMG (207).jpg,Rose_Healthy,studio,791,test
Rose_Healthy/IMG (208).jpg,Rose_Healthy,studio,792,train
Rose_Healthy/IMG (209).jpg,Rose_Healthy,studio,793,train
Rose_Healthy/IMG (21).jpg,Rose_Healthy,studio,794,val
Rose_Healthy/IMG (210).jpg,Rose_Healthy,studio,795,test
Rose_Healthy/IMG (211).jpg,Rose_Healthy,studio,796,test
Rose_Healthy/IMG (212).jpg,Rose_Healthy,studio,797,train
Rose_Healthy/IMG (213).jpg,Rose_Healthy,studio,798,train
Rose_Healthy/IMG (214).jpg,Rose_Healthy,studio,799,train
Rose_Healthy/IMG (215).jpg,Rose_Healthy,studio,800,train
Rose_Healthy/IMG (216).jpg,Rose_Healthy,studio,801,train
Rose_Healthy/IMG (217).jpg,Rose_Healthy,studio,802,train
Rose_Healthy/IMG (218).jpg,Rose_Healthy,studio,803,train
Rose_Healthy/IMG (219).jpg,Rose_Healthy,studio,804,test
Rose_Healthy/IMG (22).jpg,Rose_Healthy,studio,805,train
Rose_Healthy/IMG (220).jpg,Rose_Healthy,studio,806,val
Rose_Healthy/IMG (221).jpg,Rose_Healthy,studio,807,train
Rose_Healthy/IMG (222).jpg,Rose_Healthy,studio,808,train
Rose_Healthy/IMG (223).jpg,Rose_Healthy,studio,809,train
Rose_Healthy/IMG (224).jpg,Rose_Healthy,studio,810,train
Rose_Healthy/IMG (225).jpg,Rose_Healthy,studio,811,train
Rose_Healthy/IMG (226).jpg,Rose_Healthy,studio,812,test
Rose_Healthy/IMG (227).jpg,Rose_Healthy,studio,813,train
Rose_Healthy/IMG (228).jpg,Rose_Healthy,studio,814,train
Rose_Healthy/IMG (229).jpg,Rose_Healthy,studio,815,train
Rose_Healthy/IMG (23).jpg,Rose_Healthy,studio,816,train
Rose_Healthy/IMG (230).jpg,Rose_Healthy,studio,817,train
Rose_Healthy/IMG (231).jpg,Rose_Healthy,studio,818,test
Rose_Healthy/IMG (232).jpg,Rose_Healthy,studio,819,train
Rose_Healthy/IMG (233).jpg,Rose_Healthy,studio,820,train
Rose_Healthy/IMG (234).jpg,Rose_Healthy,studio,821,train
Rose_Healthy/IMG (235).jpg,Rose_Healthy,studio,822,train
Rose_Healthy/IMG (236).jpg,Rose_Healthy,studio,823,test
Rose_Healthy/IMG (237).jpg,Rose_Healthy,studio,824,train
Rose_Healthy/IMG (238).jpg,Rose_Healthy,studio,825,train
Rose_Healthy/IMG (239).jpg,Rose_Healthy,studio,826,train
Rose_Healthy/IMG (24).jpg,Rose_Healthy,studio,827,train
Rose_Healthy/IMG (240).jpg,Rose_Healthy,studio,828,train
Rose_Healthy/IMG (241).jpg,Rose_Healthy,studio,829,train
Rose_Healthy/IMG (242).jpg,Rose_Healthy,studio,830,train
Rose_Healthy/IMG (243).jpg,Rose_Healthy,studio,831,train
Rose_Healthy/IMG (244).jpg,Rose_Healthy,studio,832,train
Rose_Healthy/IMG (245).jpg,Rose_Healthy,studio,833,train
Rose_Healthy/IMG (246).jpg,Rose_Healthy,studio,834,train
Rose_Healthy/IMG (247).jpg,Rose_Healthy,studio,835,train
Rose_Healthy/IMG (248).jpg,Rose_Healthy,studio,836,train
Rose_Healthy/IMG (249).jpg,Rose_Healthy,studio,837,train
Rose_Healthy/IMG (25).jpg,Rose_Healthy,studio,838,val
Rose_Healthy/IMG (250).jpg,Rose_Healthy,studio,839,test
Rose_Healthy/IMG (251).jpg,Rose_Healthy,studio,840,train
Rose_Healthy/IMG (252).jpg,Rose_Healthy,studio,841,val
Rose_Healthy/IMG (253).jpg,Rose_Healthy,studio,842,val
Rose_Healthy/IMG (254).jpg,Rose_Healthy,studio,843,train
Rose_Healthy/IMG (255).jpg,Rose_Healthy,studio,844,test
Rose_Healthy/IMG (256).jpg,Rose_Healthy,studio,845,train
Rose_Healthy/IMG (257).jpg,Rose_Healthy,studio,846,test
Rose_Healthy/IMG (258).jpg,Rose_Healthy,studio,847,train
Rose_Healthy/IMG (259).jpg,Rose_Healthy,studio,848,val
Rose_Healthy/IMG (26).jpg,Rose_Healthy,studio,849,train
Rose_Healthy/IMG (260).jpg,Rose_Healthy,studio,850,train
Rose_Healthy/IMG (261).jpg,Rose_Healthy,studio,851,train
Rose_Healthy/IMG (262).jpg,Rose_Healthy,studio,852,train
Rose_Healthy/IMG (263).jpg,Rose_Healthy,studio,853,train
Rose_Healthy/IMG (264).jpg,Rose_Healthy,studio,854,train
Rose_Healthy/IMG (265).jpg,Rose_Healthy,studio,855,test
Rose_Healthy/IMG (266).jpg,Rose_Healthy,studio,856,test
Rose_Healthy/IMG (267).jpg,Rose_Healthy,studio,857,train
Rose_Healthy/IMG (268).jpg,Rose_Healthy,studio,858,train
Rose_Healthy/IMG (269).jpg,Rose_Healthy,studio,859,train
Rose_Healthy/IMG (27).jpg,Rose_Healthy,studio,860,train
Rose_Healthy/IMG (270).jpg,Rose_Healthy,studio,861,train
Rose_Healthy/IMG (271).jpg,Rose_Healthy,studio,862,train
Rose_Healthy/IMG (272).jpg,Rose_Healthy,studio,863,train
Rose_Healthy/IMG (273).jpg,Rose_Healthy,studio,864,train
Rose_Healthy/IMG (274).jpg,Rose_Healthy,studio,865,train
Rose_Healthy/IMG (275).jpg,Rose_Healthy,studio,866,val
Rose_Healthy/IMG (276).jpg,Rose_Healthy,studio,867,val
Rose_Healthy/IMG (277).jpg,Rose_Healthy,studio,868,train
Rose_Healthy/IMG (278).jpg,Rose_Healthy,studio,869,train
Rose_Healthy/IMG (279).jpg,Rose_Healthy,studio,870,train
Rose_Healthy/IMG (28).jpg,Rose_Healthy,studio,871,val
Rose_Healthy/IMG (280).jpg,Rose_Healthy,studio,872,train
Rose_Healthy/IMG (281).jpg,Rose_Healthy,studio,873,train
Rose_Healthy/IMG (282).jpg,Rose_Healthy,studio,874,train
Rose_Healthy/IMG (283).jpg,Rose_Healthy,studio,875,train
Rose_Healthy/IMG (284).jpg,Rose_Healthy,studio,876,train
Rose_Healthy/IMG (285).jpg,Rose_Healthy,studio,877,train
Rose_Healthy/IMG (286).jpg,Rose_Healthy,studio,878,train
Rose_Healthy/IMG (287).jpg,Rose_Healthy,studio,879,train
Rose_Healthy/IMG (288).jpg,Rose_Healthy,studio,880,val
Rose_Healthy/IMG (289).jpg,Rose_Healthy,studio,881,val
Rose_Healthy/IMG (29).jpg,Rose_Healthy,studio,882,train
Rose_Healthy/IMG (290).jpg,Rose_Healthy,studio,883,train
Rose_Healthy/IMG (291).jpg,Rose_Healthy,studio,884,test
Rose_Healthy/IMG (292).jpg,Rose_Healthy,studio,885,train
Rose_Healthy/IMG (293).jpg,Rose_Healthy,studio,886,val
Rose_Healthy/IMG (294).jpg,Rose_Healthy,studio,887,train
Rose_Healthy/IMG (295).jpg,Rose_Healthy,studio,888,val
Rose_Healthy/IMG (296).jpg,Rose_Healthy,studio,889,train
Rose_Healthy/IMG (297).jpg,Rose_Healthy,studio,890,train
Rose_Healthy/IMG (298).jpg,Rose_Healthy,studio,891,train
Rose_Healthy/IMG (299).jpg,Rose_Healthy,studio,892,train
Rose_Healthy/IMG (3).jpg,Rose_Healthy,studio,893,test
Rose_Healthy/IMG (30).jpg,Rose_Healthy,studio,894,train
Rose_Healthy/IMG (300).jpg,Rose_Healthy,studio,895,val
Rose_Healthy/IMG (301).jpg,Rose_Healthy,studio,896,test
Rose_Healthy/IMG (302).jpg,Rose_Healthy,studio,897,train
Rose_Healthy/IMG (303).jpg,Rose_Healthy,studio,898,val
Rose_Healthy/IMG (304).jpg,Rose_Healthy,studio,899,train
Rose_Healthy/IMG (305).jpg,Rose_Healthy,studio,900,train
Rose_Healthy/IMG (306).jpg,Rose_Healthy,studio,901,train
Rose_Healthy/IMG (307).jpg,Rose_Healthy,studio,902,train
Rose_Healthy/IMG (308).jpg,Rose_Healthy,studio,903,train
Rose_Healthy/IMG (309).jpg,Rose_Healthy,studio,904,train
Rose_Healthy/IMG (31).jpg,Rose_Healthy,studio,905,test
Rose_Healthy/IMG (310).jpg,Rose_Healthy,studio,906,train
Rose_Healthy/IMG (311).jpg,Rose_Healthy,studio,907,train
Rose_Healthy/IMG (312).jpg,Rose_Healthy,studio,908,train
Rose_Healthy/IMG (313).jpg,Rose_Healthy,studio,909,train
Rose_Healthy/IMG (314).jpg,Rose_Healthy,studio,910,train
Rose_Healthy/IMG (315).jpg,Rose_Healthy,studio,911,train
Rose_Healthy/IMG (316).jpg,Rose_Healthy,studio,912,train
Rose_Healthy/IMG (317).jpg,Rose_Healthy,studio,913,train
Rose_Healthy/IMG (318).jpg,Rose_Healthy,studio,914,train
Rose_Healthy/IMG (319).jpg,Rose_Healthy,studio,915,train
Rose_Healthy/IMG (32).jpg,Rose_Healthy,studio,916,train
Rose_Healthy/IMG (320).jpg,Rose_Healthy,studio,917,train
Rose_Healthy/IMG (321).jpg,Rose_Healthy,studio,918,train
Rose_Healthy/IMG (322).jpg,Rose_Healthy,studio,919,train
Rose_Healthy/IMG (323).jpg,Rose_Healthy,studio,920,train
Rose_Healthy/IMG (324).jpg,Rose_Healthy,studio,921,test
Rose_Healthy/IMG (325).jpg,Rose_Healthy,studio,918,train
Rose_Healthy/IMG (326).jpg,Rose_Healthy,studio,922,val
Rose_Healthy/IMG (327).jpg,Rose_Healthy,studio,923,test
Rose_Healthy/IMG (328).jpg,Rose_Healthy,studio,924,train
Rose_Healthy/IMG (329).jpg,Rose_Healthy,studio,925,train
Rose_Healthy/IMG (33).jpg,Rose_Healthy,studio,926,train
Rose_Healthy/IMG (330).jpg,Rose_Healthy,studio,927,train
Rose_Healthy/IMG (331).jpg,Rose_Healthy,studio,928,train
Rose_Healthy/IMG (332).jpg,Rose_Healthy,studio,929,train
Rose_Healthy/IMG (333).jpg,Rose_Healthy,studio,930,val
Rose_Healthy/IMG (334).jpg,Rose_Healthy,studio,931,test
Rose_Healthy/IMG (335).jpg,Rose_Healthy,studio,932,train
Rose_Healthy/IMG (336).jpg,Rose_Healthy,studio,933,train
Rose_Healthy/IMG (337).jpg,Rose_Healthy,studio,934,val
Rose_Healthy/IMG (338).jpg,Rose_Healthy,studio,935,val
Rose_Healthy/IMG (339).jpg,Rose_Healthy,studio,936,train
Rose_Healthy/IMG (340).jpg,Rose_Healthy,studio,937,train
Rose_Healthy/IMG (341).jpg,Rose_Healthy,studio,938,test
Rose_Healthy/IMG (342).jpg,Rose_Healthy,studio,939,train
Rose_Healthy/IMG (343).jpg,Rose_Healthy,studio,940,train
Rose_Healthy/IMG (344).jpg,Rose_Healthy,studio,941,train
Rose_Healthy/IMG (345).jpg,Rose_Healthy,studio,942,train
Rose_Healthy/IMG (346).jpg,Rose_Healthy,studio,943,train
Rose_Healthy/IMG (347).jpg,Rose_Healthy,studio,944,train
Rose_Healthy/IMG (348).jpg,Rose_Healthy,studio,945,test
Rose_Healthy/IMG (349).jpg,Rose_Healthy,studio,946,train
Rose_Healthy/IMG (35).jpg,Rose_Healthy,studio,947,train
Rose_Healthy/IMG (350).jpg,Rose_Healthy,studio,948,train
Rose_Healthy/IMG (351).jpg,Rose_Healthy,studio,949,test
Rose_Healthy/IMG (352).jpg,Rose_Healthy,studio,950,train
Rose_Healthy/IMG (353).jpg,Rose_Healthy,studio,951,val
Rose_Healthy/IMG (355).jpg,Rose_Healthy,studio,952,val
Rose_Healthy/IMG (357).jpg,Rose_Healthy,studio,953,train
Rose_Healthy/IMG (358).jpg,Rose_Healthy,studio,954,test
Rose_Healthy/IMG (36).jpg,Rose_Healthy,studio,955,test
Rose_Healthy/IMG (360).jpg,Rose_Healthy,studio,956,train
Rose_Healthy/IMG (361).jpg,Rose_Healthy,studio,957,val
Rose_Healthy/IMG (362).jpg,Rose_Healthy,studio,958,train
Rose_Healthy/IMG (365).jpg,Rose_Healthy,studio,959,train
Rose_Healthy/IMG (366).jpg,Rose_Healthy,studio,960,train
Rose_Healthy/IMG (367).jpg,Rose_Healthy,studio,961,test
Rose_Healthy/IMG (372).jpg,Rose_Healthy,studio,962,train
Rose_Healthy/IMG (375).jpg,Rose_Healthy,studio,963,test
Rose_Healthy/IMG (376).jpg,Rose_Healthy,studio,964,train
Rose_Healthy/IMG (378).jpg,Rose_Healthy,studio,965,train
Rose_Healthy/IMG (38).jpg,Rose_Healthy,studio,966,train
Rose_Healthy/IMG (380).jpg,Rose_Healthy,studio,967,val
Rose_Healthy/IMG (381).jpg,Rose_Healthy,studio,968,val
Rose_Healthy/IMG (384).jpg,Rose_Healthy,studio,969,test
Rose_Healthy/IMG (388).jpg,Rose_Healthy,studio,970,train
Rose_Healthy/IMG (39).jpg,Rose_Healthy,studio,971,val
Rose_Healthy/IMG (390).jpg,Rose_Healthy,studio,972,train
Rose_Healthy/IMG (392).jpg,Rose_Healthy,studio,973,train
Rose_Healthy/IMG (395).jpg,Rose_Healthy,studio,974,val
Rose_Healthy/IMG (398).jpg,Rose_Healthy,studio,975,val
Rose_Healthy/IMG (4).jpg,Rose_Healthy,studio,976,train
Rose_Healthy/IMG (401).jpg,Rose_Healthy,studio,977,train
Rose_Healthy/IMG (403).jpg,Rose_Healthy,studio,978,train
Rose_Healthy/IMG (404).jpg,Rose_Healthy,studio,979,train
Rose_Healthy/resized_Fresh Leaf_285.jpg,Rose_Healthy,fresh_leaf,980,train
Rose_Healthy/resized_Fresh Leaf_288.jpg,Rose_Healthy,fresh_leaf,981,train
Rose_Healthy/resized_Fresh Leaf_289.jpg,Rose_Healthy,fresh_leaf,982,val
Rose_Healthy/resized_Fresh Leaf_2900.jpg,Rose_Healthy,fresh_leaf,983,test
Rose_Healthy/resized_Fresh Leaf_2923.JPG,Rose_Healthy,fresh_leaf,984,train
Rose_Healthy/resized_Fresh Leaf_2937.JPG,Rose_Healthy,fresh_leaf,985,train
Rose_Healthy/resized_Fresh Leaf_2956.JPG,Rose_Healthy,fresh_leaf,986,val
Rose_Healthy/resized_Fresh Leaf_2957.JPG,Rose_Healthy,fresh_leaf,987,train
Rose_Healthy/resized_Fresh Leaf_2967.JPG,Rose_Healthy,fresh_leaf,988,train
Rose_Healthy/resized_Fresh Leaf_2990.JPG,Rose_Healthy,fresh_leaf,989,train
Rose_Healthy/resized_Fresh Leaf_2999.JPG,Rose_Healthy,fresh_leaf,990,val
Rose_Healthy/resized_Fresh Leaf_3006.JPG,Rose_Healthy,fresh_leaf,991,train
Rose_Healthy/resized_Fresh Leaf_3008.JPG,Rose_Healthy,fresh_leaf,992,test
Rose_Healthy/resized_Fresh Leaf_3058.JPG,Rose_Healthy,fresh_leaf,993,train
Rose_Healthy/resized_Fresh Leaf_3079.JPG,Rose_Healthy,fresh_leaf,994,val
Rose_Healthy/resized_Fresh Leaf_3109.JPG,Rose_Healthy,fresh_leaf,995,train
Rose_Healthy/resized_Fresh Leaf_3128.JPG,Rose_Healthy,fresh_leaf,996,train
Rose_Healthy/resized_Fresh Leaf_3195.JPG,Rose_Healthy,fresh_leaf,997,train
Rose_Healthy/resized_Fresh Leaf_3231.JPG,Rose_Healthy,fresh_leaf,998,train
Rose_Healthy/resized_Fresh Leaf_3240.JPG,Rose_Healthy,fresh_leaf,999,val
Rose_Healthy/resized_Fresh Leaf_3247.JPG,Rose_Healthy,fresh_leaf,1000,train
Rose_Healthy/resized_Fresh Leaf_3252.JPG,Rose_Healthy,fresh_leaf,1001,train
Rose_Healthy/resized_Fresh Leaf_3269.JPG,Rose_Healthy,fresh_leaf,1002,train
Rose_Healthy/resized_Fresh Leaf_327.jpg,Rose_Healthy,fresh_leaf,1003,val
Rose_Healthy/resized_Fresh Leaf_3363.jpg,Rose_Healthy,fresh_leaf,1004,train
Rose_Healthy/resized_Fresh Leaf_338.jpg,Rose_Healthy,fresh_leaf,1005,val
Rose_Healthy/resized_Fresh Leaf_342.jpg,Rose_Healthy,fresh_leaf,1006,train
Rose_Healthy/resized_Fresh Leaf_343.jpg,Rose_Healthy,fresh_leaf,1007,train
Rose_Healthy/resized_Fresh Leaf_344.jpg,Rose_Healthy,fresh_leaf,1008,train
Rose_Healthy/resized_Fresh Leaf_349.jpg,Rose_Healthy,fresh_leaf,1009,train
Rose_Healthy/resized_Fresh Leaf_3527.jpg,Rose_Healthy,fresh_leaf,1010,train
Rose_Healthy/resized_Fresh Leaf_3528.jpg,Rose_Healthy,fresh_leaf,1011,test
Rose_Healthy/resized_Fresh Leaf_3529.jpg,Rose_Healthy,fresh_leaf,1012,train
Rose_Healthy/resized_Fresh Leaf_353.jpg,Rose_Healthy,fresh_leaf,1013,train
Rose_Healthy/resized_Fresh Leaf_3530.jpg,Rose_Healthy,fresh_leaf,1014,train
Rose_Healthy/resized_Fresh Leaf_3531.jpg,Rose_Healthy,fresh_leaf,1015,val
Rose_Healthy/resized_Fresh Leaf_3532.jpg,Rose_Healthy,fresh_leaf,1016,train
Rose_Healthy/resized_Fresh Leaf_3535.jpg,Rose_Healthy,fresh_leaf,1017,train
Rose_Healthy/resized_Fresh Leaf_3536.jpg,Rose_Healthy,fresh_leaf,1018,train
Rose_Healthy/resized_Fresh Leaf_3537.jpg,Rose_Healthy,fresh_leaf,1019,val
Rose_Healthy/resized_Fresh Leaf_3538.jpg,Rose_Healthy,fresh_leaf,1020,train
Rose_Healthy/resized_Fresh Leaf_354.jpg,Rose_Healthy,fresh_leaf,1021,train
Rose_Healthy/resized_Fresh Leaf_3540.jpg,Rose_Healthy,fresh_leaf,1022,test
Rose_Healthy/resized_Fresh Leaf_3542.jpg,Rose_Healthy,fresh_leaf,1023,test
Rose_Healthy/resized_Fresh Leaf_3544.jpg,Rose_Healthy,fresh_leaf,1024,train
Rose_Healthy/resized_Fresh Leaf_3545.jpg,Rose_Healthy,fresh_leaf,1025,train
Rose_Healthy/resized_Fresh Leaf_3546.jpg,Rose_Healthy,fresh_leaf,1026,train
Rose_Healthy/resized_Fresh Leaf_3547.jpg,Rose_Healthy,fresh_leaf,1027,val
Rose_Healthy/resized_Fresh Leaf_3548.jpg,Rose_Healthy,fresh_leaf,1028,train
Rose_Healthy/resized_Fresh Leaf_3549.jpg,Rose_Healthy,fresh_leaf,1029,train
Rose_Healthy/resized_Fresh Leaf_355.jpg,Rose_Healthy,fresh_leaf,1030,train
Rose_Healthy/resized_Fresh Leaf_3550.jpg,Rose_Healthy,fresh_leaf,1031,train
Rose_Healthy/resized_Fresh Leaf_3551.jpg,Rose_Healthy,fresh_leaf,1032,train
Rose_Healthy/resized_Fresh Leaf_3552.jpg,Rose_Healthy,fresh_leaf,1033,train
Rose_Healthy/resized_Fresh Leaf_3553.jpg,Rose_Healthy,fresh_leaf,1034,train
Rose_Healthy/resized_Fresh Leaf_3554.jpg,Rose_Healthy,fresh_leaf,1035,train
Rose_Healthy/resized_Fresh Leaf_3556.jpg,Rose_Healthy,fresh_leaf,1036,train
Rose_Healthy/resized_Fresh Leaf_3557.jpg,Rose_Healthy,fresh_leaf,1037,train
Rose_Healthy/resized_Fresh Leaf_3558.jpg,Rose_Healthy,fresh_leaf,1038,train
Rose_Healthy/resized_Fresh Leaf_3559.jpg,Rose_Healthy,fresh_leaf,1039,train
Rose_Healthy/resized_Fresh Leaf_356.jpg,Rose_Healthy,fresh_leaf,1040,train
Rose_Healthy/resized_Fresh Leaf_3560.jpg,Rose_Healthy,fresh_leaf,1041,train
Rose_Healthy/resized_Fresh Leaf_3562.jpg,Rose_Healthy,fresh_leaf,1042,val
Rose_Healthy/resized_Fresh Leaf_3563.jpg,Rose_Healthy,fresh_leaf,1043,train
Rose_Healthy/resized_Fresh Leaf_3565.jpg,Rose_Healthy,fresh_leaf,1044,train
Rose_Healthy/resized_Fresh Leaf_3566.jpg,Rose_Healthy,fresh_leaf,1045,train
Rose_Healthy/resized_Fresh Leaf_3567.jpg,Rose_Healthy,fresh_leaf,1046,val
Rose_Healthy/resized_Fresh Leaf_3568.jpg,Rose_Healthy,fresh_leaf,1047,train
Rose_Healthy/resized_Fresh Leaf_3569.jpg,Rose_Healthy,fresh_leaf,1048,test
Rose_Healthy/resized_Fresh Leaf_357.jpg,Rose_Healthy,fresh_leaf,1049,train
Rose_Healthy/resized_Fresh Leaf_3570.jpg,Rose_Healthy,fresh_leaf,1050,train
Rose_Healthy/resized_Fresh Leaf_3571.jpg,Rose_Healthy,fresh_leaf,1051,train
Rose_Healthy/resized_Fresh Leaf_3572.jpg,Rose_Healthy,fresh_leaf,1052,train
Rose_Healthy/resized_Fresh Leaf_3573.jpg,Rose_Healthy,fresh_leaf,1053,train
Rose_Healthy/resized_Fresh Leaf_3575.jpg,Rose_Healthy,fresh_leaf,1054,train
Rose_Healthy/resized_Fresh Leaf_3576.jpg,Rose_Healthy,fresh_leaf,1055,train
Rose_Healthy/resized_Fresh Leaf_3577.jpg,Rose_Healthy,fresh_leaf,1056,train
Rose_Healthy/resized_Fresh Leaf_3578.jpg,Rose_Healthy,fresh_leaf,1057,test
Rose_Healthy/resized_Fresh Leaf_3579.jpg,Rose_Healthy,fresh_leaf,1058,test
Rose_Healthy/resized_Fresh Leaf_358.jpg,Rose_Healthy,fresh_leaf,1059,train
Rose_Healthy/resized_Fresh Leaf_3580.jpg,Rose_Healthy,fresh_leaf,1060,train
Rose_Healthy/resized_Fresh Leaf_3581.jpg,Rose_Healthy,fresh_leaf,1061,train
Rose_Healthy/resized_Fresh Leaf_3582.jpg,Rose_Healthy,fresh_leaf,1062,train
Rose_Healthy/resized_Fresh Leaf_3584.jpg,Rose_Healthy,fresh_leaf,1063,test
Rose_Healthy/resized_Fresh Leaf_3586.jpg,Rose_Healthy,fresh_leaf,1064,train
Rose_Healthy/resized_Fresh Leaf_3588.jpg,Rose_Healthy,fresh_leaf,1065,train
Rose_Healthy/resized_Fresh Leaf_3589.jpg,Rose_Healthy,fresh_leaf,1066,val
Rose_Healthy/resized_Fresh Leaf_359.jpg,Rose_Healthy,fresh_leaf,1067,train
Rose_Healthy/resized_Fresh Leaf_3590.jpg,Rose_Healthy,fresh_leaf,1068,train
Rose_Healthy/resized_Fresh Leaf_3592.jpg,Rose_Healthy,fresh_leaf,1069,train
Rose_Healthy/resized_Fresh Leaf_3593.jpg,Rose_Healthy,fresh_leaf,1070,val
Rose_Healthy/resized_Fresh Leaf_3594.jpg,Rose_Healthy,fresh_leaf,1071,val
Rose_Healthy/resized_Fresh Leaf_3595.jpg,Rose_Healthy,fresh_leaf,1072,train
Rose_Healthy/resized_Fresh Leaf_3596.jpg,Rose_Healthy,fresh_leaf,1073,train
Rose_Healthy/resized_Fresh Leaf_3597.jpg,Rose_Healthy,fresh_leaf,1074,train
Rose_Healthy/resized_Fresh Leaf_3598.jpg,Rose_Healthy,fresh_leaf,1075,train
Rose_Healthy/resized_Fresh Leaf_3599.jpg,Rose_Healthy,fresh_leaf,1055,train
Rose_Healthy/resized_Fresh Leaf_36.jpg,Rose_Healthy,fresh_leaf,1076,train
Rose_Healthy/resized_Fresh Leaf_360.jpg,Rose_Healthy,fresh_leaf,1077,test
Rose_Healthy/resized_Fresh Leaf_3600.jpg,Rose_Healthy,fresh_leaf,1078,train
Rose_Healthy/resized_Fresh Leaf_3601.jpg,Rose_Healthy,fresh_leaf,1079,val
Rose_Healthy/resized_Fresh Leaf_3602.jpg,Rose_Healthy,fresh_leaf,1080,train
Rose_Healthy/resized_Fresh Leaf_3603.jpg,Rose_Healthy,fresh_leaf,1081,train
Rose_Healthy/resized_Fresh Leaf_3604.jpg,Rose_Healthy,fresh_leaf,1069,train
Rose_Healthy/resized_Fresh Leaf_3605.jpg,Rose_Healthy,fresh_leaf,1082,train
Rose_Healthy/resized_Fresh Leaf_3606.jpg,Rose_Healthy,fresh_leaf,1083,train
Rose_Healthy/resized_Fresh Leaf_3607.jpg,Rose_Healthy,fresh_leaf,1084,train
Rose_Healthy/resized_Fresh Leaf_3608.jpg,Rose_Healthy,fresh_leaf,1062,train
Rose_Healthy/resized_Fresh Leaf_3609.jpg,Rose_Healthy,fresh_leaf,1085,val
Rose_Healthy/resized_Fresh Leaf_361.jpg,Rose_Healthy,fresh_leaf,1086,train
Rose_Healthy/resized_Fresh Leaf_3610.jpg,Rose_Healthy,fresh_leaf,1087,val
Rose_Healthy/resized_Fresh Leaf_3611.jpg,Rose_Healthy,fresh_leaf,1088,train
Rose_Healthy/resized_Fresh Leaf_3613.jpg,Rose_Healthy,fresh_leaf,1089,train
Rose_Healthy/resized_Fresh Leaf_3614.jpg,Rose_Healthy,fresh_leaf,1050,train
Rose_Healthy/resized_Fresh Leaf_3615.jpg,Rose_Healthy,fresh_leaf,1090,train
Rose_Healthy/resized_Fresh Leaf_3616.jpg,Rose_Healthy,fresh_leaf,1091,train
Rose_Healthy/resized_Fresh Leaf_3617.jpg,Rose_Healthy,fresh_leaf,1092,train
Rose_Healthy/resized_Fresh Leaf_3619.jpg,Rose_Healthy,fresh_leaf,1093,train
Rose_Healthy/resized_Fresh Leaf_3620.jpg,Rose_Healthy,fresh_leaf,1094,train
Rose_Healthy/resized_Fresh Leaf_3621.jpg,Rose_Healthy,fresh_leaf,1052,train
Rose_Healthy/resized_Fresh Leaf_3622.jpg,Rose_Healthy,fresh_leaf,1095,val
Rose_Healthy/resized_Fresh Leaf_3624.jpg,Rose_Healthy,fresh_leaf,1096,train
Rose_Healthy/resized_Fresh Leaf_3625.jpg,Rose_Healthy,fresh_leaf,1097,train
Rose_Healthy/resized_Fresh Leaf_3626.jpg,Rose_Healthy,fresh_leaf,1098,val
Rose_Healthy/resized_Fresh Leaf_3627.jpg,Rose_Healthy,fresh_leaf,1099,train
Rose_Healthy/resized_Fresh Leaf_3628.jpg,Rose_Healthy,fresh_leaf,1100,train
Rose_Healthy/resized_Fresh Leaf_3629.jpg,Rose_Healthy,fresh_leaf,1101,train
Rose_Healthy/resized_Fresh Leaf_363.jpg,Rose_Healthy,fresh_leaf,1102,val
Rose_Healthy/resized_Fresh Leaf_3630.jpg,Rose_Healthy,fresh_leaf,1103,train
Rose_Healthy/resized_Fresh Leaf_3631.jpg,Rose_Healthy,fresh_leaf,1104,train
Rose_Healthy/resized_Fresh Leaf_3632.jpg,Rose_Healthy,fresh_leaf,1088,train
Rose_Healthy/resized_Fresh Leaf_3633.jpg,Rose_Healthy,fresh_leaf,1105,train
Rose_Healthy/resized_Fresh Leaf_3634.jpg,Rose_Healthy,fresh_leaf,1106,test
Rose_Healthy/resized_Fresh Leaf_3636.jpg,Rose_Healthy,fresh_leaf,1107,test
Rose_Healthy/resized_Fresh Leaf_3637.jpg,Rose_Healthy,fresh_leaf,1108,train
Rose_Healthy/resized_Fresh Leaf_3638.jpg,Rose_Healthy,fresh_leaf,1109,train
Rose_Healthy/resized_Fresh Leaf_364.jpg,Rose_Healthy,fresh_leaf,1110,val
Rose_Healthy/resized_Fresh Leaf_3640.jpg,Rose_Healthy,fresh_leaf,1111,train
Rose_Healthy/resized_Fresh Leaf_3642.jpg,Rose_Healthy,fresh_leaf,1112,train
Rose_Healthy/resized_Fresh Leaf_3643.jpg,Rose_Healthy,fresh_leaf,1113,test
Rose_Healthy/resized_Fresh Leaf_3644.jpg,Rose_Healthy,fresh_leaf,1114,train
Rose_Healthy/resized_Fresh Leaf_3645.jpg,Rose_Healthy,fresh_leaf,1115,test
Rose_Healthy/resized_Fresh Leaf_3646.jpg,Rose_Healthy,fresh_leaf,1074,train
Rose_Healthy/resized_Fresh Leaf_3647.jpg,Rose_Healthy,fresh_leaf,1116,test
Rose_Healthy/resized_Fresh Leaf_3648.jpg,Rose_Healthy,fresh_leaf,1080,train
Rose_Healthy/resized_Fresh Leaf_3649.jpg,Rose_Healthy,fresh_leaf,1117,train
Rose_Healthy/resized_Fresh Leaf_365.jpg,Rose_Healthy,fresh_leaf,1118,train
Rose_Healthy/resized_Fresh Leaf_3651.jpg,Rose_Healthy,fresh_leaf,1111,train
Rose_Healthy/resized_Fresh Leaf_3652.jpg,Rose_Healthy,fresh_leaf,1119,val
Rose_Healthy/resized_Fresh Leaf_3654.jpg,Rose_Healthy,fresh_leaf,1120,train
Rose_Healthy/resized_Fresh Leaf_3658.jpg,Rose_Healthy,fresh_leaf,1121,val
Rose_Healthy/resized_Fresh Leaf_3659.jpg,Rose_Healthy,fresh_leaf,1122,val
Rose_Healthy/resized_Fresh Leaf_366.jpg,Rose_Healthy,fresh_leaf,1123,train
Rose_Healthy/resized_Fresh Leaf_3660.jpg,Rose_Healthy,fresh_leaf,1124,train
Rose_Healthy/resized_Fresh Leaf_3661.jpg,Rose_Healthy,fresh_leaf,1125,val
Rose_Healthy/resized_Fresh Leaf_3662.jpg,Rose_Healthy,fresh_leaf,1126,test
Rose_Healthy/resized_Fresh Leaf_3664.jpg,Rose_Healthy,fresh_leaf,1127,train
Rose_Healthy/resized_Fresh Leaf_3665.jpg,Rose_Healthy,fresh_leaf,1128,train
Rose_Healthy/resized_Fresh Leaf_3666.jpg,Rose_Healthy,fresh_leaf,1073,train
Rose_Healthy/resized_Fresh Leaf_3667.jpg,Rose_Healthy,fresh_leaf,1129,train
Rose_Healthy/resized_Fresh Leaf_3668.jpg,Rose_Healthy,fresh_leaf,1130,train
Rose_Healthy/resized_Fresh Leaf_3669.jpg,Rose_Healthy,fresh_leaf,1100,train
Rose_Healthy/resized_Fresh Leaf_3671.jpg,Rose_Healthy,fresh_leaf,1096,train
Rose_Healthy/resized_Fresh Leaf_3672.jpg,Rose_Healthy,fresh_leaf,1131,test
Rose_Healthy/resized_Fresh Leaf_3673.jpg,Rose_Healthy,fresh_leaf,1132,train
Rose_Healthy/resized_Fresh Leaf_3674.jpg,Rose_Healthy,fresh_leaf,1133,train
Rose_Healthy/resized_Fresh Leaf_3675.jpg,Rose_Healthy,fresh_leaf,1134,val
Rose_Healthy/resized_Fresh Leaf_3676.jpg,Rose_Healthy,fresh_leaf,1135,train
Rose_Healthy/resized_Fresh Leaf_3677.jpg,Rose_Healthy,fresh_leaf,1064,train
Rose_Healthy/resized_Fresh Leaf_3678.jpg,Rose_Healthy,fresh_leaf,1136,train
Rose_Healthy/resized_Fresh Leaf_368.jpg,Rose_Healthy,fresh_leaf,1137,train
Rose_Healthy/resized_Fresh Leaf_3680.jpg,Rose_Healthy,fresh_leaf,1138,train
Rose_Healthy/resized_Fresh Leaf_3681.jpg,Rose_Healthy,fresh_leaf,1139,train
Rose_Healthy/resized_Fresh Leaf_3682.jpg,Rose_Healthy,fresh_leaf,1140,train
Rose_Healthy/resized_Fresh Leaf_3683.jpg,Rose_Healthy,fresh_leaf,1044,train
Rose_Healthy/resized_Fresh Leaf_3684.jpg,Rose_Healthy,fresh_leaf,1141,train
Rose_Healthy/resized_Fresh Leaf_3685.jpg,Rose_Healthy,fresh_leaf,1142,train
Rose_Healthy/resized_Fresh Leaf_3686.jpg,Rose_Healthy,fresh_leaf,1143,test
Rose_Healthy/resized_Fresh Leaf_3687.jpg,Rose_Healthy,fresh_leaf,1144,test
Rose_Healthy/resized_Fresh Leaf_3688.jpg,Rose_Healthy,fresh_leaf,1145,train
Rose_Healthy/resized_Fresh Leaf_3689.jpg,Rose_Healthy,fresh_leaf,1146,train
Rose_Healthy/resized_Fresh Leaf_369.jpg,Rose_Healthy,fresh_leaf,1147,test
Rose_Healthy/resized_Fresh Leaf_3692.jpg,Rose_Healthy,fresh_leaf,1044,train
Rose_Healthy/resized_Fresh Leaf_3693.jpg,Rose_Healthy,fresh_leaf,1148,train
Rose_Healthy/resized_Fresh Leaf_3694.jpg,Rose_Healthy,fresh_leaf,1149,test
Rose_Healthy/resized_Fresh Leaf_3695.jpg,Rose_Healthy,fresh_leaf,1150,train
Rose_Healthy/resized_Fresh Leaf_3697.jpg,Rose_Healthy,fresh_leaf,1151,test
Rose_Healthy/resized_Fresh Leaf_37.JPG,Rose_Healthy,fresh_leaf,1152,val
Rose_Healthy/resized_Fresh Leaf_370.jpg,Rose_Healthy,fresh_leaf,1153,test
Rose_Healthy/resized_Fresh Leaf_3700.jpg,Rose_Healthy,fresh_leaf,1154,train
Rose_Healthy/resized_Fresh Leaf_3701.jpg,Rose_Healthy,fresh_leaf,1108,train
Rose_Healthy/resized_Fresh Leaf_3702.jpg,Rose_Healthy,fresh_leaf,1052,train
Rose_Healthy/resized_Fresh Leaf_3703.jpg,Rose_Healthy,fresh_leaf,1155,train
Rose_Healthy/resized_Fresh Leaf_3704.jpg,Rose_Healthy,fresh_leaf,1138,train
Rose_Healthy/resized_Fresh Leaf_3706.jpg,Rose_Healthy,fresh_leaf,1156,train
Rose_Healthy/resized_Fresh Leaf_3707.jpg,Rose_Healthy,fresh_leaf,1157,train
Rose_Healthy/resized_Fresh Leaf_3708.jpg,Rose_Healthy,fresh_leaf,1158,train
Rose_Healthy/resized_Fresh Leaf_3709.jpg,Rose_Healthy,fresh_leaf,1159,train
Rose_Healthy/resized_Fresh Leaf_371.jpg,Rose_Healthy,fresh_leaf,1160,val
Rose_Healthy/resized_Fresh Leaf_3710.jpg,Rose_Healthy,fresh_leaf,1161,train
Rose_Healthy/resized_Fresh Leaf_3712.jpg,Rose_Healthy,fresh_leaf,1162,train
Rose_Healthy/resized_Fresh Leaf_3713.jpg,Rose_Healthy,fresh_leaf,1163,train
Rose_Healthy/resized_Fresh Leaf_3714.jpg,Rose_Healthy,fresh_leaf,1164,train
Rose_Healthy/resized_Fresh Leaf_3716.jpg,Rose_Healthy,fresh_leaf,1089,train
Rose_Healthy/resized_Fresh Leaf_3717.jpg,Rose_Healthy,fresh_leaf,1165,train
Rose_Healthy/resized_Fresh Leaf_3718.jpg,Rose_Healthy,fresh_leaf,1166,train
Rose_Healthy/resized_Fresh Leaf_372.jpg,Rose_Healthy,fresh_leaf,1167,train
Rose_Healthy/resized_Fresh Leaf_3720.jpg,Rose_Healthy,fresh_leaf,1168,train
Rose_Healthy/resized_Fresh Leaf_3721.jpg,Rose_Healthy,fresh_leaf,1169,train
Rose_Healthy/resized_Fresh Leaf_3723.jpg,Rose_Healthy,fresh_leaf,1170,train
Rose_Healthy/resized_Fresh Leaf_3724.jpg,Rose_Healthy,fresh_leaf,1171,train
Rose_Healthy/resized_Fresh Leaf_3726.jpg,Rose_Healthy,fresh_leaf,1172,train
Rose_Healthy/resized_Fresh Leaf_3727.jpg,Rose_Healthy,fresh_leaf,1173,train
Rose_Healthy/resized_Fresh Leaf_3728.jpg,Rose_Healthy,fresh_leaf,1174,train
Rose_Healthy/resized_Fresh Leaf_3729.jpg,Rose_Healthy,fresh_leaf,1175,train
Rose_Healthy/resized_Fresh Leaf_373.jpg,Rose_Healthy,fresh_leaf,1176,train
Rose_Healthy/resized_Fresh Leaf_3730.jpg,Rose_Healthy,fresh_leaf,1177,val
Rose_Healthy/resized_Fresh Leaf_3731.jpg,Rose_Healthy,fresh_leaf,1178,train
Rose_Healthy/resized_Fresh Leaf_3734.jpg,Rose_Healthy,fresh_leaf,1179,test
Rose_Healthy/resized_Fresh Leaf_3735.jpg,Rose_Healthy,fresh_leaf,1074,train
Rose_Healthy/resized_Fresh Leaf_3736.jpg,Rose_Healthy,fresh_leaf,1180,train
Rose_Healthy/resized_Fresh Leaf_3737.jpg,Rose_Healthy,fresh_leaf,1043,train
Rose_Healthy/resized_Fresh Leaf_3738.jpg,Rose_Healthy,fresh_leaf,1181,train
Rose_Healthy/resized_Fresh Leaf_3740.jpg,Rose_Healthy,fresh_leaf,1092,train
Rose_Healthy/resized_Fresh Leaf_3743.jpg,Rose_Healthy,fresh_leaf,1162,train
Rose_Healthy/resized_Fresh Leaf_3744.jpg,Rose_Healthy,fresh_leaf,1056,train
Rose_Healthy/resized_Fresh Leaf_3745.jpg,Rose_Healthy,fresh_leaf,1045,train
Rose_Healthy/resized_Fresh Leaf_3746.jpg,Rose_Healthy,fresh_leaf,1182,train
Rose_Healthy/resized_Fresh Leaf_3747.jpg,Rose_Healthy,fresh_leaf,1069,train
Rose_Healthy/resized_Fresh Leaf_3749.jpg,Rose_Healthy,fresh_leaf,1052,train
Rose_Healthy/resized_Fresh Leaf_3751.jpg,Rose_Healthy,fresh_leaf,1183,train
Rose_Healthy/resized_Fresh Leaf_3753.jpg,Rose_Healthy,fresh_leaf,1117,train
Rose_Healthy/resized_Fresh Leaf_3754.jpg,Rose_Healthy,fresh_leaf,1184,train
Rose_Healthy/resized_Fresh Leaf_3755.jpg,Rose_Healthy,fresh_leaf,1185,train
Rose_Healthy/resized_Fresh Leaf_3757.jpg,Rose_Healthy,fresh_leaf,1051,train
Rose_Healthy/resized_Fresh Leaf_3758.jpg,Rose_Healthy,fresh_leaf,1186,val
Rose_Healthy/resized_Fresh Leaf_3759.jpg,Rose_Healthy,fresh_leaf,1163,train
Rose_Healthy/resized_Fresh Leaf_3763.jpg,Rose_Healthy,fresh_leaf,1187,train
Rose_Healthy/resized_Fresh Leaf_3765.jpg,Rose_Healthy,fresh_leaf,1188,val
Rose_Healthy/resized_Fresh Leaf_3771.jpg,Rose_Healthy,fresh_leaf,1189,train
Rose_Healthy/resized_Fresh Leaf_3772.jpg,Rose_Healthy,fresh_leaf,1190,train
Rose_Healthy/resized_Fresh Leaf_3777.jpg,Rose_Healthy,fresh_leaf,1191,train
Rose_Healthy/resized_Fresh Leaf_3780.jpg,Rose_Healthy,fresh_leaf,1192,val
Rose_Healthy/resized_Fresh Leaf_3781.jpg,Rose_Healthy,fresh_leaf,1193,train
Rose_Healthy/resized_Fresh Leaf_3784.jpg,Rose_Healthy,fresh_leaf,1194,val
Rose_Healthy/resized_Fresh Leaf_3785.jpg,Rose_Healthy,fresh_leaf,1195,test
Rose_Healthy/resized_Fresh Leaf_3786.jpg,Rose_Healthy,fresh_leaf,1196,train
Rose_Healthy/resized_Fresh Leaf_3787.jpg,Rose_Healthy,fresh_leaf,1197,test
Rose_Healthy/resized_Fresh Leaf_3788.jpg,Rose_Healthy,fresh_leaf,1198,train
Rose_Healthy/resized_Fresh Leaf_3789.jpg,Rose_Healthy,fresh_leaf,1199,train
Rose_Healthy/resized_Fresh Leaf_379.jpg,Rose_Healthy,fresh_leaf,1200,test
Rose_Healthy/resized_Fresh Leaf_3790.jpg,Rose_Healthy,fresh_leaf,1074,train
Rose_Healthy/resized_Fresh Leaf_3792.jpg,Rose_Healthy,fresh_leaf,1201,test
Rose_Healthy/resized_Fresh Leaf_3795.jpg,Rose_Healthy,fresh_leaf,1136,train
Rose_Healthy/resized_Fresh Leaf_3796.jpg,Rose_Healthy,fresh_leaf,1202,val
Rose_Healthy/resized_Fresh Leaf_3798.jpg,Rose_Healthy,fresh_leaf,1203,test
Rose_Healthy/resized_Fresh Leaf_38.JPG,Rose_Healthy,fresh_leaf,1204,train
Rose_Healthy/resized_Fresh Leaf_3801.jpg,Rose_Healthy,fresh_leaf,1205,test
Rose_Healthy/resized_Fresh Leaf_3803.jpg,Rose_Healthy,fresh_leaf,1051,train
Rose_Healthy/resized_Fresh Leaf_3804.jpg,Rose_Healthy,fresh_leaf,1206,train
Rose_Healthy/resized_Fresh Leaf_3806.jpg,Rose_Healthy,fresh_leaf,1074,train
Rose_Healthy/resized_Fresh Leaf_3809.jpg,Rose_Healthy,fresh_leaf,1207,train
Rose_Healthy/resized_Fresh Leaf_381.jpg,Rose_Healthy,fresh_leaf,1208,val
Rose_Healthy/resized_Fresh Leaf_3810.jpg,Rose_Healthy,fresh_leaf,1209,train
Rose_Healthy/resized_Fresh Leaf_3811.jpg,Rose_Healthy,fresh_leaf,1210,val
Rose_Healthy/resized_Fresh Leaf_3813.jpg,Rose_Healthy,fresh_leaf,1036,train
Rose_Healthy/resized_Fresh Leaf_3814.jpg,Rose_Healthy,fresh_leaf,1190,train
Rose_Healthy/resized_Fresh Leaf_3815.jpg,Rose_Healthy,fresh_leaf,1211,train
Rose_Healthy/resized_Fresh Leaf_3816.jpg,Rose_Healthy,fresh_leaf,1212,train
Rose_Healthy/resized_Fresh Leaf_3817.jpg,Rose_Healthy,fresh_leaf,1213,test
Rose_Healthy/resized_Fresh Leaf_3818.jpg,Rose_Healthy,fresh_leaf,1214,train
Rose_Healthy/resized_Fresh Leaf_3819.jpg,Rose_Healthy,fresh_leaf,1215,test
Rose_Healthy/resized_Fresh Leaf_3822.jpg,Rose_Healthy,fresh_leaf,1141,train
Rose_Healthy/resized_Fresh Leaf_3824.jpg,Rose_Healthy,fresh_leaf,1216,train
Rose_Healthy/resized_Fresh Leaf_3827.jpg,Rose_Healthy,fresh_leaf,1217,test
Rose_Healthy/resized_Fresh Leaf_3829.jpg,Rose_Healthy,fresh_leaf,1218,val
Rose_Healthy/resized_Fresh Leaf_3831.jpg,Rose_Healthy,fresh_leaf,1219,train
Rose_Healthy/resized_Fresh Leaf_3832.jpg,Rose_Healthy,fresh_leaf,1220,train
Rose_Healthy/resized_Fresh Leaf_3833.jpg,Rose_Healthy,fresh_leaf,1221,train
Rose_Healthy/resized_Fresh Leaf_3834.jpg,Rose_Healthy,fresh_leaf,1222,test
Rose_Healthy/resized_Fresh Leaf_3837.jpg,Rose_Healthy,fresh_leaf,1223,test
Rose_Healthy/resized_Fresh Leaf_384.jpg,Rose_Healthy,fresh_leaf,1224,train
Rose_Healthy/resized_Fresh Leaf_3841.jpg,Rose_Healthy,fresh_leaf,1225,train
Rose_Healthy/resized_Fresh Leaf_3842.jpg,Rose_Healthy,fresh_leaf,1226,train
Rose_Healthy/resized_Fresh Leaf_3843.jpg,Rose_Healthy,fresh_leaf,1165,train
Rose_Healthy/resized_Fresh Leaf_3845.jpg,Rose_Healthy,fresh_leaf,1092,train
Rose_Healthy/resized_Fresh Leaf_386.jpg,Rose_Healthy,fresh_leaf,1227,train
Rose_Healthy/resized_Fresh Leaf_39.JPG,Rose_Healthy,fresh_leaf,1228,test
Rose_Healthy/resized_Fresh Leaf_392.jpg,Rose_Healthy,fresh_leaf,1229,test
Rose_Healthy/resized_Fresh Leaf_393.jpg,Rose_Healthy,fresh_leaf,1230,train
Rose_Healthy/resized_Fresh Leaf_394.jpg,Rose_Healthy,fresh_leaf,1231,train
Rose_Healthy/resized_Fresh Leaf_395.jpg,Rose_Healthy,fresh_leaf,1232,train
Rose_Healthy/resized_Fresh Leaf_397.jpg,Rose_Healthy,fresh_leaf,1233,test
Rose_Healthy/resized_Fresh Leaf_398.jpg,Rose_Healthy,fresh_leaf,1234,train
Rose_Healthy/resized_Fresh Leaf_399.jpg,Rose_Healthy,fresh_leaf,1235,train
Rose_Healthy/resized_Fresh Leaf_4.JPG,Rose_Healthy,fresh_leaf,1236,train
Rose_Healthy/resized_Fresh Leaf_40.JPG,Rose_Healthy,fresh_leaf,1237,train
Rose_Healthy/resized_Fresh Leaf_400.jpg,Rose_Healthy,fresh_leaf,1238,val
Rose_Healthy/resized_Fresh Leaf_402.jpg,Rose_Healthy,fresh_leaf,1239,test
Rose_Healthy/resized_Fresh Leaf_403.jpg,Rose_Healthy,fresh_leaf,1240,val
Rose_Healthy/resized_Fresh Leaf_404.jpg,Rose_Healthy,fresh_leaf,1241,train
Rose_Healthy/resized_Fresh Leaf_405.jpg,Rose_Healthy,fresh_leaf,1242,train
Rose_Healthy/resized_Fresh Leaf_406.jpg,Rose_Healthy,fresh_leaf,1243,train
Rose_Healthy/resized_Fresh Leaf_407.jpg,Rose_Healthy,fresh_leaf,1244,train
Rose_Healthy/resized_Fresh Leaf_408.jpg,Rose_Healthy,fresh_leaf,1245,train
Rose_Healthy/resized_Fresh Leaf_409.jpg,Rose_Healthy,fresh_leaf,1246,test
Rose_Healthy/resized_Fresh Leaf_41.JPG,Rose_Healthy,fresh_leaf,1247,train
Rose_Healthy/resized_Fresh Leaf_410.jpg,Rose_Healthy,fresh_leaf,1248,train
Rose_Healthy/resized_Fresh Leaf_413.jpg,Rose_Healthy,fresh_leaf,1249,train
Rose_Healthy/resized_Fresh Leaf_415.jpg,Rose_Healthy,fresh_leaf,1250,val
Rose_Healthy/resized_Fresh Leaf_416.jpg,Rose_Healthy,fresh_leaf,1251,train
Rose_Healthy/resized_Fresh Leaf_417.jpg,Rose_Healthy,fresh_leaf,1252,test
Rose_Healthy/resized_Fresh Leaf_418.jpg,Rose_Healthy,fresh_leaf,1253,val
Rose_Healthy/resized_Fresh Leaf_42.jpg,Rose_Healthy,fresh_leaf,1254,train
Rose_Healthy/resized_Fresh Leaf_420.jpg,Rose_Healthy,fresh_leaf,1255,train
Rose_Healthy/resized_Fresh Leaf_422.jpg,Rose_Healthy,fresh_leaf,1256,val
Rose_Healthy/resized_Fresh Leaf_423.jpg,Rose_Healthy,fresh_leaf,1257,test
Rose_Healthy/resized_Fresh Leaf_424.jpg,Rose_Healthy,fresh_leaf,1258,train
Rose_Healthy/resized_Fresh Leaf_425.jpg,Rose_Healthy,fresh_leaf,1259,test
Rose_Healthy/resized_Fresh Leaf_427.jpg,Rose_Healthy,fresh_leaf,1260,test
Rose_Healthy/resized_Fresh Leaf_43.JPG,Rose_Healthy,fresh_leaf,1261,train
Rose_Healthy/resized_Fresh Leaf_430.jpg,Rose_Healthy,fresh_leaf,1262,val
Rose_Healthy/resized_Fresh Leaf_434.jpg,Rose_Healthy,fresh_leaf,1263,val
Rose_Healthy/resized_Fresh Leaf_436.jpg,Rose_Healthy,fresh_leaf,1264,train
Rose_Healthy/resized_Fresh Leaf_437.jpg,Rose_Healthy,fresh_leaf,1265,train
Rose_Healthy/resized_Fresh Leaf_44.JPG,Rose_Healthy,fresh_leaf,1266,test
Rose_Healthy/resized_Fresh Leaf_440.jpg,Rose_Healthy,fresh_leaf,1267,train
Rose_Healthy/resized_Fresh Leaf_441.jpg,Rose_Healthy,fresh_leaf,1268,train
Rose_Healthy/resized_Fresh Leaf_444.jpg,Rose_Healthy,fresh_leaf,1269,train
Rose_Healthy/resized_Fresh Leaf_446.jpg,Rose_Healthy,fresh_leaf,1270,train
Rose_Healthy/resized_Fresh Leaf_447.jpg,Rose_Healthy,fresh_leaf,1271,test
Rose_Healthy/resized_Fresh Leaf_448.jpg,Rose_Healthy,fresh_leaf,1272,train
Rose_Healthy/resized_Fresh Leaf_449.jpg,Rose_Healthy,fresh_leaf,1273,train
Rose_Healthy/resized_Fresh Leaf_45.JPG,Rose_Healthy,fresh_leaf,1274,test
Rose_Healthy/resized_Fresh Leaf_450.jpg,Rose_Healthy,fresh_leaf,1275,train
Rose_Healthy/resized_Fresh Leaf_452.jpg,Rose_Healthy,fresh_leaf,1276,test
Rose_Healthy/resized_Fresh Leaf_453.jpg,Rose_Healthy,fresh_leaf,1277,train
Rose_Healthy/resized_Fresh Leaf_455.jpg,Rose_Healthy,fresh_leaf,1278,train
Rose_Healthy/resized_Fresh Leaf_456.jpg,Rose_Healthy,fresh_leaf,1279,train
Rose_Healthy/resized_Fresh Leaf_457.jpg,Rose_Healthy,fresh_leaf,1280,val
Rose_Healthy/resized_Fresh Leaf_458.jpg,Rose_Healthy,fresh_leaf,1281,train
Rose_Healthy/resized_Fresh Leaf_459.jpg,Rose_Healthy,fresh_leaf,1282,train
Rose_Healthy/resized_Fresh Leaf_46.jpg,Rose_Healthy,fresh_leaf,1283,train
Rose_Healthy/resized_Fresh Leaf_460.jpg,Rose_Healthy,fresh_leaf,1284,val
Rose_Healthy/resized_Fresh Leaf_461.jpg,Rose_Healthy,fresh_leaf,1285,test
Rose_Healthy/resized_Fresh Leaf_463.jpg,Rose_Healthy,fresh_leaf,1286,train
Rose_Healthy/resized_Fresh Leaf_464.jpg,Rose_Healthy,fresh_leaf,1287,train
Rose_Healthy/resized_Fresh Leaf_465.jpg,Rose_Healthy,fresh_leaf,1288,train
Rose_Healthy/resized_Fresh Leaf_466.jpg,Rose_Healthy,fresh_leaf,1289,train
Rose_Healthy/resized_Fresh Leaf_469.jpg,Rose_Healthy,fresh_leaf,1290,val
Rose_Healthy/resized_Fresh Leaf_47.JPG,Rose_Healthy,fresh_leaf,1291,train
Rose_Healthy/resized_Fresh Leaf_472.jpg,Rose_Healthy,fresh_leaf,1292,val
Rose_Healthy/resized_Fresh Leaf_473.jpg,Rose_Healthy,fresh_leaf,1293,train
Rose_Healthy/resized_Fresh Leaf_475.jpg,Rose_Healthy,fresh_leaf,1294,train
Rose_Healthy/resized_Fresh Leaf_477.jpg,Rose_Healthy,fresh_leaf,1295,train
Rose_Healthy/resized_Fresh Leaf_479.jpg,Rose_Healthy,fresh_leaf,1296,train
Rose_Healthy/resized_Fresh Leaf_48.JPG,Rose_Healthy,fresh_leaf,1297,train
Rose_Healthy/resized_Fresh Leaf_480.jpg,Rose_Healthy,fresh_leaf,1298,train
Rose_Healthy/resized_Fresh Leaf_481.jpg,Rose_Healthy,fresh_leaf,1299,val
Rose_Healthy/resized_Fresh Leaf_482.jpg,Rose_Healthy,fresh_leaf,1300,train
Rose_Healthy/resized_Fresh Leaf_483.jpg,Rose_Healthy,fresh_leaf,1301,train
Rose_Healthy/resized_Fresh Leaf_484.jpg,Rose_Healthy,fresh_leaf,1302,train
Rose_Healthy/resized_Fresh Leaf_485.jpg,Rose_Healthy,fresh_leaf,1303,train
Rose_Healthy/resized_Fresh Leaf_486.jpg,Rose_Healthy,fresh_leaf,1304,val
Rose_Healthy/resized_Fresh Leaf_489.jpg,Rose_Healthy,fresh_leaf,1305,test
Rose_Healthy/resized_Fresh Leaf_49.JPG,Rose_Healthy,fresh_leaf,1306,train
Rose_Healthy/resized_Fresh Leaf_490.jpg,Rose_Healthy,fresh_leaf,1307,train
Rose_Healthy/resized_Fresh Leaf_492.jpg,Rose_Healthy,fresh_leaf,1308,test
Rose_Healthy/resized_Fresh Leaf_493.jpg,Rose_Healthy,fresh_leaf,1309,val
Rose_Healthy/resized_Fresh Leaf_494.jpg,Rose_Healthy,fresh_leaf,1310,train
Rose_Healthy/resized_Fresh Leaf_495.jpg,Rose_Healthy,fresh_leaf,1224,train
Rose_Healthy/resized_Fresh Leaf_496.jpg,Rose_Healthy,fresh_leaf,1311,train
Rose_Healthy/resized_Fresh Leaf_5.JPG,Rose_Healthy,fresh_leaf,1312,train
Rose_Healthy/resized_Fresh Leaf_50.JPG,Rose_Healthy,fresh_leaf,1313,val
Rose_Healthy/resized_Fresh Leaf_505.jpg,Rose_Healthy,fresh_leaf,1314,train
Rose_Healthy/resized_Fresh Leaf_51.jpg,Rose_Healthy,fresh_leaf,1315,train
Rose_Healthy/resized_Fresh Leaf_511.jpg,Rose_Healthy,fresh_leaf,1316,train
Rose_Healthy/resized_Fresh Leaf_512.jpg,Rose_Healthy,fresh_leaf,1317,train
Rose_Healthy/resized_Fresh Leaf_513.jpg,Rose_Healthy,fresh_leaf,1318,train
Rose_Healthy/resized_Fresh Leaf_515.jpg,Rose_Healthy,fresh_leaf,1319,test
Rose_Healthy/resized_Fresh Leaf_518.jpg,Rose_Healthy,fresh_leaf,1320,train
Rose_Healthy/resized_Fresh Leaf_52.jpg,Rose_Healthy,fresh_leaf,1321,val
Rose_Healthy/resized_Fresh Leaf_520.jpg,Rose_Healthy,fresh_leaf,1322,train
Rose_Healthy/resized_Fresh Leaf_521.jpg,Rose_Healthy,fresh_leaf,1323,val
Rose_Healthy/resized_Fresh Leaf_523.jpg,Rose_Healthy,fresh_leaf,1324,train
Rose_Healthy/resized_Fresh Leaf_524.jpg,Rose_Healthy,fresh_leaf,1325,val
Rose_Healthy/resized_Fresh Leaf_526.jpg,Rose_Healthy,fresh_leaf,1326,test
Rose_Healthy/resized_Fresh Leaf_527.jpg,Rose_Healthy,fresh_leaf,1327,test
Rose_Healthy/resized_Fresh Leaf_529.jpg,Rose_Healthy,fresh_leaf,1328,train
Rose_Healthy/resized_Fresh Leaf_530.jpg,Rose_Healthy,fresh_leaf,1329,train
Rose_Healthy/resized_Fresh Leaf_532.jpg,Rose_Healthy,fresh_leaf,1330,train
Rose_Healthy/resized_Fresh Leaf_534.jpg,Rose_Healthy,fresh_leaf,1331,test
Rose_Healthy/resized_Fresh Leaf_536.jpg,Rose_Healthy,fresh_leaf,1332,test
Rose_Healthy/resized_Fresh Leaf_537.jpg,Rose_Healthy,fresh_leaf,1333,train
Rose_Healthy/resized_Fresh Leaf_538.jpg,Rose_Healthy,fresh_leaf,1334,train
Rose_Healthy/resized_Fresh Leaf_539.jpg,Rose_Healthy,fresh_leaf,1335,train
Rose_Healthy/resized_Fresh Leaf_540.jpg,Rose_Healthy,fresh_leaf,1336,train
Rose_Healthy/resized_Fresh Leaf_541.jpg,Rose_Healthy,fresh_leaf,1337,test
Rose_Healthy/resized_Fresh Leaf_542.jpg,Rose_Healthy,fresh_leaf,1338,val
Rose_Healthy/resized_Fresh Leaf_543.jpg,Rose_Healthy,fresh_leaf,1339,train
Rose_Healthy/resized_Fresh Leaf_545.jpg,Rose_Healthy,fresh_leaf,1340,train
Rose_Healthy/resized_Fresh Leaf_547.jpg,Rose_Healthy,fresh_leaf,1341,train
Rose_Healthy/resized_Fresh Leaf_548.jpg,Rose_Healthy,fresh_leaf,1342,test
Rose_Healthy/resized_Fresh Leaf_549.jpg,Rose_Healthy,fresh_leaf,1343,train
Rose_Healthy/resized_Fresh Leaf_55.jpg,Rose_Healthy,fresh_leaf,1344,val
Rose_Healthy/resized_Fresh Leaf_550.jpg,Rose_Healthy,fresh_leaf,1345,train
Rose_Healthy/resized_Fresh Leaf_551.jpg,Rose_Healthy,fresh_leaf,1346,val
Rose_Healthy/resized_Fresh Leaf_552.jpg,Rose_Healthy,fresh_leaf,1347,train
Rose_Healthy/resized_Fresh Leaf_553.jpg,Rose_Healthy,fresh_leaf,1348,test
Rose_Healthy/resized_Fresh Leaf_554.jpg,Rose_Healthy,fresh_leaf,1349,val
Rose_Healthy/resized_Fresh Leaf_556.jpg,Rose_Healthy,fresh_leaf,1350,val
Rose_Healthy/resized_Fresh Leaf_558.jpg,Rose_Healthy,fresh_leaf,1351,test
Rose_Healthy/resized_Fresh Leaf_559.jpg,Rose_Healthy,fresh_leaf,1352,train
Rose_Healthy/resized_Fresh Leaf_56.jpg,Rose_Healthy,fresh_leaf,1353,train
Rose_Healthy/resized_Fresh Leaf_560.jpg,Rose_Healthy,fresh_leaf,1354,test
Rose_Healthy/resized_Fresh Leaf_561.jpg,Rose_Healthy,fresh_leaf,1355,train
Rose_Healthy/resized_Fresh Leaf_562.jpg,Rose_Healthy,fresh_leaf,1356,train
Rose_Healthy/resized_Fresh Leaf_563.jpg,Rose_Healthy,fresh_leaf,1357,train
Rose_Healthy/resized_Fresh Leaf_564.jpg,Rose_Healthy,fresh_leaf,1358,test
Rose_Healthy/resized_Fresh Leaf_565.jpg,Rose_Healthy,fresh_leaf,1359,train
Rose_Healthy/resized_Fresh Leaf_567.jpg,Rose_Healthy,fresh_leaf,1360,train
Rose_Healthy/resized_Fresh Leaf_568.jpg,Rose_Healthy,fresh_leaf,1361,train
Rose_Healthy/resized_Fresh Leaf_57.jpg,Rose_Healthy,fresh_leaf,1362,train
Rose_Healthy/resized_Fresh Leaf_572.jpg,Rose_Healthy,fresh_leaf,1363,train
Rose_Healthy/resized_Fresh Leaf_573.jpg,Rose_Healthy,fresh_leaf,1364,val
Rose_Healthy/resized_Fresh Leaf_574.jpg,Rose_Healthy,fresh_leaf,1365,train
Rose_Healthy/resized_Fresh Leaf_575.jpg,Rose_Healthy,fresh_leaf,1366,val
Rose_Healthy/resized_Fresh Leaf_576.jpg,Rose_Healthy,fresh_leaf,1367,test
Rose_Healthy/resized_Fresh Leaf_577.jpg,Rose_Healthy,fresh_leaf,1368,train
Rose_Healthy/resized_Fresh Leaf_578.jpg,Rose_Healthy,fresh_leaf,1369,train
Rose_Healthy/resized_Fresh Leaf_580.jpg,Rose_Healthy,fresh_leaf,1370,train
Rose_Healthy/resized_Fresh Leaf_581.jpg,Rose_Healthy,fresh_leaf,1371,train
Rose_Healthy/resized_Fresh Leaf_582.jpg,Rose_Healthy,fresh_leaf,1372,train
Rose_Healthy/resized_Fresh Leaf_583.jpg,Rose_Healthy,fresh_leaf,1373,val
Rose_Healthy/resized_Fresh Leaf_584.jpg,Rose_Healthy,fresh_leaf,1374,val
Rose_Healthy/resized_Fresh Leaf_586.jpg,Rose_Healthy,fresh_leaf,1375,val
Rose_Healthy/resized_Fresh Leaf_587.jpg,Rose_Healthy,fresh_leaf,1376,test
Rose_Healthy/resized_Fresh Leaf_59.jpg,Rose_Healthy,fresh_leaf,1377,train
Rose_Healthy/resized_Fresh Leaf_590.jpg,Rose_Healthy,fresh_leaf,1378,train
Rose_Healthy/resized_Fresh Leaf_591.jpg,Rose_Healthy,fresh_leaf,1379,train
Rose_Healthy/resized_Fresh Leaf_592.jpg,Rose_Healthy,fresh_leaf,1380,test
Rose_Healthy/resized_Fresh Leaf_594.jpg,Rose_Healthy,fresh_leaf,1381,train
Rose_Healthy/resized_Fresh Leaf_596.jpg,Rose_Healthy,fresh_leaf,1382,train
Rose_Healthy/resized_Fresh Leaf_599.jpg,Rose_Healthy,fresh_leaf,1383,val
Rose_Healthy/resized_Fresh Leaf_600.jpg,Rose_Healthy,fresh_leaf,1384,train
Rose_Healthy/resized_Fresh Leaf_603.jpg,Rose_Healthy,fresh_leaf,1385,test
Rose_Healthy/resized_Fresh Leaf_604.jpg,Rose_Healthy,fresh_leaf,1386,train
Rose_Healthy/resized_Fresh Leaf_605.jpg,Rose_Healthy,fresh_leaf,1387,train
Rose_Healthy/resized_Fresh Leaf_606.jpg,Rose_Healthy,fresh_leaf,1388,train
Rose_Healthy/resized_Fresh Leaf_608.jpg,Rose_Healthy,fresh_leaf,1389,val
Rose_Healthy/resized_Fresh Leaf_609.jpg,Rose_Healthy,fresh_leaf,1390,train
Rose_Healthy/resized_Fresh Leaf_611.jpg,Rose_Healthy,fresh_leaf,1391,train
Rose_Healthy/resized_Fresh Leaf_613.jpg,Rose_Healthy,fresh_leaf,1392,train
Rose_Healthy/resized_Fresh Leaf_614.jpg,Rose_Healthy,fresh_leaf,1393,val
Rose_Healthy/resized_Fresh Leaf_616.jpg,Rose_Healthy,fresh_leaf,1394,test
Rose_Healthy/resized_Fresh Leaf_617.jpg,Rose_Healthy,fresh_leaf,1395,train
Rose_Healthy/resized_Fresh Leaf_618.jpg,Rose_Healthy,fresh_leaf,1396,test
Rose_Healthy/resized_Fresh Leaf_619.jpg,Rose_Healthy,fresh_leaf,1397,val
Rose_Healthy/resized_Fresh Leaf_62.jpg,Rose_Healthy,fresh_leaf,1398,train
Rose_Healthy/resized_Fresh Leaf_622.jpg,Rose_Healthy,fresh_leaf,1399,train
Rose_Healthy/resized_Fresh Leaf_623.jpg,Rose_Healthy,fresh_leaf,1400,test
Rose_Healthy/resized_Fresh Leaf_624.jpg,Rose_Healthy,fresh_leaf,1401,train
Rose_Healthy/resized_Fresh Leaf_627.jpg,Rose_Healthy,fresh_leaf,1402,val
Rose_Healthy/resized_Fresh Leaf_628.jpg,Rose_Healthy,fresh_leaf,1403,test
Rose_Healthy/resized_Fresh Leaf_631.jpg,Rose_Healthy,fresh_leaf,1404,test
Rose_Healthy/resized_Fresh Leaf_633.jpg,Rose_Healthy,fresh_leaf,1405,train
Rose_Healthy/resized_Fresh Leaf_634.jpg,Rose_Healthy,fresh_leaf,1406,train
Rose_Healthy/resized_Fresh Leaf_635.jpg,Rose_Healthy,fresh_leaf,1407,train
Rose_Healthy/resized_Fresh Leaf_636.jpg,Rose_Healthy,fresh_leaf,1408,train
Rose_Healthy/resized_Fresh Leaf_637.jpg,Rose_Healthy,fresh_leaf,1409,train
Rose_Healthy/resized_Fresh Leaf_64.jpg,Rose_Healthy,fresh_leaf,1410,train
Rose_Healthy/resized_Fresh Leaf_640.jpg,Rose_Healthy,fresh_leaf,1411,train
Rose_Healthy/resized_Fresh Leaf_641.jpg,Rose_Healthy,fresh_leaf,1412,val
Rose_Healthy/resized_Fresh Leaf_643.jpg,Rose_Healthy,fresh_leaf,1413,val
Rose_Healthy/resized_Fresh Leaf_647.jpg,Rose_Healthy,fresh_leaf,1414,train
Rose_Healthy/resized_Fresh Leaf_648.jpg,Rose_Healthy,fresh_leaf,1415,test
Rose_Healthy/resized_Fresh Leaf_650.jpg,Rose_Healthy,fresh_leaf,1416,train
Rose_Healthy/resized_Fresh Leaf_651.jpg,Rose_Healthy,fresh_leaf,1417,train
Rose_Healthy/resized_Fresh Leaf_652.jpg,Rose_Healthy,fresh_leaf,1418,train
Rose_Healthy/resized_Fresh Leaf_655.jpg,Rose_Healthy,fresh_leaf,1419,train
Rose_Healthy/resized_Fresh Leaf_656.jpg,Rose_Healthy,fresh_leaf,1420,train
Rose_Healthy/resized_Fresh Leaf_657.jpg,Rose_Healthy,fresh_leaf,1421,train
Rose_Healthy/resized_Fresh Leaf_658.jpg,Rose_Healthy,fresh_leaf,1422,train
Rose_Healthy/resized_Fresh Leaf_66.jpg,Rose_Healthy,fresh_leaf,1423,train
Rose_Healthy/resized_Fresh Leaf_661.jpg,Rose_Healthy,fresh_leaf,1424,train
Rose_Healthy/resized_Fresh Leaf_662.jpg,Rose_Healthy,fresh_leaf,1425,train
Rose_Healthy/resized_Fresh Leaf_663.jpg,Rose_Healthy,fresh_leaf,1426,test
Rose_Healthy/resized_Fresh Leaf_664.jpg,Rose_Healthy,fresh_leaf,1427,train
Rose_Healthy/resized_Fresh Leaf_667.jpg,Rose_Healthy,fresh_leaf,1428,test
Rose_Healthy/resized_Fresh Leaf_668.jpg,Rose_Healthy,fresh_leaf,1429,train
Rose_Healthy/resized_Fresh Leaf_669.jpg,Rose_Healthy,fresh_leaf,1430,val
Rose_Healthy/resized_Fresh Leaf_670.jpg,Rose_Healthy,fresh_leaf,1431,test
Rose_Healthy/resized_Fresh Leaf_672.jpg,Rose_Healthy,fresh_leaf,1432,val
Rose_Healthy/resized_Fresh Leaf_673.jpg,Rose_Healthy,fresh_leaf,1433,train
Rose_Healthy/resized_Fresh Leaf_674.jpg,Rose_Healthy,fresh_leaf,1434,train
Rose_Healthy/resized_Fresh Leaf_675.jpg,Rose_Healthy,fresh_leaf,1435,train
Rose_Healthy/resized_Fresh Leaf_678.jpg,Rose_Healthy,fresh_leaf,1436,train
Rose_Healthy/resized_Fresh Leaf_679.jpg,Rose_Healthy,fresh_leaf,1437,train
